atlas_file,atlas_version,tissue,cell_type_path,gene,polarity,species,state,target_status,source_type,source_name,pmid,doi,url,source_record_id,source_record_url,evidence_locator,curator,verified_at,curator_notes
marker_atlas.json,mkg-2026.08,blood,T cell,CD3D,positive,human;mouse,baseline_or_unspecified,,,,,,,,,,,,
marker_atlas.json,mkg-2026.08,blood,T cell,CD3E,positive,human;mouse,baseline_or_unspecified,,,,,,,,,,,,
marker_atlas.json,mkg-2026.08,blood,T cell,CD2,positive,human;mouse,baseline_or_unspecified,,,,,,,,,,,,
marker_atlas.json,mkg-2026.08,blood,T cell,TRAC,positive,human;mouse,baseline_or_unspecified,,,,,,,,,,,,
marker_atlas.json,mkg-2026.08,blood,T cell,CD7,positive,human;mouse,baseline_or_unspecified,,,,,,,,,,,,
marker_atlas.json,mkg-2026.08,blood,T cell,CD19,negative,human;mouse,baseline_or_unspecified,,,,,,,,,,,,
marker_atlas.json,mkg-2026.08,blood,T cell,MS4A1,negative,human;mouse,baseline_or_unspecified,,,,,,,,,,,,
marker_atlas.json,mkg-2026.08,blood,T cell,CD14,negative,human;mouse,baseline_or_unspecified,,,,,,,,,,,,
marker_atlas.json,mkg-2026.08,blood,T cell,NCAM1,negative,human;mouse,baseline_or_unspecified,,,,,,,,,,,,
marker_atlas.json,mkg-2026.08,blood,T cell > CD4+ T cell,CD4,positive,human;mouse,baseline_or_unspecified,,,,,,,,,,,,
marker_atlas.json,mkg-2026.08,blood,T cell > CD4+ T cell,IL7R,positive,human;mouse,baseline_or_unspecified,,,,,,,,,,,,
marker_atlas.json,mkg-2026.08,blood,T cell > CD4+ T cell,MAL,positive,human;mouse,baseline_or_unspecified,,,,,,,,,,,,
marker_atlas.json,mkg-2026.08,blood,T cell > CD4+ T cell,TRAC,positive,human;mouse,baseline_or_unspecified,,,,,,,,,,,,
marker_atlas.json,mkg-2026.08,blood,T cell > CD4+ T cell,CD8A,negative,human;mouse,baseline_or_unspecified,,,,,,,,,,,,
marker_atlas.json,mkg-2026.08,blood,T cell > CD4+ T cell,CD8B,negative,human;mouse,baseline_or_unspecified,,,,,,,,,,,,
marker_atlas.json,mkg-2026.08,blood,T cell > CD4+ T cell,FOXP3,negative,human;mouse,baseline_or_unspecified,,,,,,,,,,,,
marker_atlas.json,mkg-2026.08,blood,T cell > CD4+ T cell > Naive CD4+ T cell,CCR7,positive,human;mouse,baseline_or_unspecified,,,,,,,,,,,,
marker_atlas.json,mkg-2026.08,blood,T cell > CD4+ T cell > Naive CD4+ T cell,LEF1,positive,human;mouse,baseline_or_unspecified,,,,,,,,,,,,
marker_atlas.json,mkg-2026.08,blood,T cell > CD4+ T cell > Naive CD4+ T cell,SELL,positive,human;mouse,baseline_or_unspecified,,,,,,,,,,,,
marker_atlas.json,mkg-2026.08,blood,T cell > CD4+ T cell > Naive CD4+ T cell,TCF7,positive,human;mouse,baseline_or_unspecified,,,,,,,,,,,,
marker_atlas.json,mkg-2026.08,blood,T cell > CD4+ T cell > Naive CD4+ T cell,GZMB,negative,human;mouse,baseline_or_unspecified,,,,,,,,,,,,
marker_atlas.json,mkg-2026.08,blood,T cell > CD4+ T cell > Naive CD4+ T cell,PRF1,negative,human;mouse,baseline_or_unspecified,,,,,,,,,,,,
marker_atlas.json,mkg-2026.08,blood,T cell > CD4+ T cell > Naive CD4+ T cell,FOXP3,negative,human;mouse,baseline_or_unspecified,,,,,,,,,,,,
marker_atlas.json,mkg-2026.08,blood,T cell > CD4+ T cell > Memory CD4+ T cell,IL7R,positive,human;mouse,baseline_or_unspecified,,,,,,,,,,,,
marker_atlas.json,mkg-2026.08,blood,T cell > CD4+ T cell > Memory CD4+ T cell,S100A4,positive,human;mouse,baseline_or_unspecified,,,,,,,,,,,,
marker_atlas.json,mkg-2026.08,blood,T cell > CD4+ T cell > Memory CD4+ T cell,CCR7,positive,human;mouse,baseline_or_unspecified,,,,,,,,,,,,
marker_atlas.json,mkg-2026.08,blood,T cell > CD4+ T cell > Memory CD4+ T cell,FOXP3,negative,human;mouse,baseline_or_unspecified,,,,,,,,,,,,
marker_atlas.json,mkg-2026.08,blood,T cell > CD4+ T cell > Memory CD4+ T cell,GZMB,negative,human;mouse,baseline_or_unspecified,,,,,,,,,,,,
marker_atlas.json,mkg-2026.08,blood,T cell > CD4+ T cell > Regulatory T cell,FOXP3,positive,human;mouse,baseline_or_unspecified,,,,,,,,,,,,
marker_atlas.json,mkg-2026.08,blood,T cell > CD4+ T cell > Regulatory T cell,IL2RA,positive,human;mouse,baseline_or_unspecified,,,,,,,,,,,,
marker_atlas.json,mkg-2026.08,blood,T cell > CD4+ T cell > Regulatory T cell,CTLA4,positive,human;mouse,baseline_or_unspecified,,,,,,,,,,,,
marker_atlas.json,mkg-2026.08,blood,T cell > CD4+ T cell > Regulatory T cell,IKZF2,positive,human;mouse,baseline_or_unspecified,,,,,,,,,,,,
marker_atlas.json,mkg-2026.08,blood,T cell > CD4+ T cell > Regulatory T cell,TNFRSF18,positive,human;mouse,baseline_or_unspecified,,,,,,,,,,,,
marker_atlas.json,mkg-2026.08,blood,T cell > CD4+ T cell > Regulatory T cell,IL17A,negative,human;mouse,baseline_or_unspecified,,,,,,,,,,,,
marker_atlas.json,mkg-2026.08,blood,T cell > CD4+ T cell > Regulatory T cell,IFNG,negative,human;mouse,baseline_or_unspecified,,,,,,,,,,,,
marker_atlas.json,mkg-2026.08,blood,T cell > CD4+ T cell > Regulatory T cell,TBX21,negative,human;mouse,baseline_or_unspecified,,,,,,,,,,,,
marker_atlas.json,mkg-2026.08,blood,T cell > CD4+ T cell > Th1 cell,TBX21,positive,human;mouse,baseline_or_unspecified,,,,,,,,,,,,
marker_atlas.json,mkg-2026.08,blood,T cell > CD4+ T cell > Th1 cell,IFNG,positive,human;mouse,baseline_or_unspecified,,,,,,,,,,,,
marker_atlas.json,mkg-2026.08,blood,T cell > CD4+ T cell > Th1 cell,CXCR3,positive,human;mouse,baseline_or_unspecified,,,,,,,,,,,,
marker_atlas.json,mkg-2026.08,blood,T cell > CD4+ T cell > Th1 cell,IL12RB1,positive,human;mouse,baseline_or_unspecified,,,,,,,,,,,,
marker_atlas.json,mkg-2026.08,blood,T cell > CD4+ T cell > Th1 cell,IL4,negative,human;mouse,baseline_or_unspecified,,,,,,,,,,,,
marker_atlas.json,mkg-2026.08,blood,T cell > CD4+ T cell > Th1 cell,IL17A,negative,human;mouse,baseline_or_unspecified,,,,,,,,,,,,
marker_atlas.json,mkg-2026.08,blood,T cell > CD4+ T cell > Th17 cell,IL17A,positive,human;mouse,baseline_or_unspecified,,,,,,,,,,,,
marker_atlas.json,mkg-2026.08,blood,T cell > CD4+ T cell > Th17 cell,IL17F,positive,human;mouse,baseline_or_unspecified,,,,,,,,,,,,
marker_atlas.json,mkg-2026.08,blood,T cell > CD4+ T cell > Th17 cell,RORC,positive,human;mouse,baseline_or_unspecified,,,,,,,,,,,,
marker_atlas.json,mkg-2026.08,blood,T cell > CD4+ T cell > Th17 cell,CCL20,positive,human;mouse,baseline_or_unspecified,,,,,,,,,,,,
marker_atlas.json,mkg-2026.08,blood,T cell > CD4+ T cell > Th17 cell,CCR6,positive,human;mouse,baseline_or_unspecified,,,,,,,,,,,,
marker_atlas.json,mkg-2026.08,blood,T cell > CD4+ T cell > Th17 cell,IFNG,negative,human;mouse,baseline_or_unspecified,,,,,,,,,,,,
marker_atlas.json,mkg-2026.08,blood,T cell > CD4+ T cell > Th17 cell,IL4,negative,human;mouse,baseline_or_unspecified,,,,,,,,,,,,
marker_atlas.json,mkg-2026.08,blood,T cell > CD4+ T cell > Th17 cell,FOXP3,negative,human;mouse,baseline_or_unspecified,,,,,,,,,,,,
marker_atlas.json,mkg-2026.08,blood,T cell > CD8+ T cell,CD8A,positive,human;mouse,baseline_or_unspecified,,,,,,,,,,,,
marker_atlas.json,mkg-2026.08,blood,T cell > CD8+ T cell,CD8B,positive,human;mouse,baseline_or_unspecified,,,,,,,,,,,,
marker_atlas.json,mkg-2026.08,blood,T cell > CD8+ T cell,GZMB,positive,human;mouse,baseline_or_unspecified,,,,,,,,,,,,
marker_atlas.json,mkg-2026.08,blood,T cell > CD8+ T cell,PRF1,positive,human;mouse,baseline_or_unspecified,,,,,,,,,,,,
marker_atlas.json,mkg-2026.08,blood,T cell > CD8+ T cell,GNLY,positive,human;mouse,baseline_or_unspecified,,,,,,,,,,,,
marker_atlas.json,mkg-2026.08,blood,T cell > CD8+ T cell,CD4,negative,human;mouse,baseline_or_unspecified,,,,,,,,,,,,
marker_atlas.json,mkg-2026.08,blood,T cell > CD8+ T cell,FOXP3,negative,human;mouse,baseline_or_unspecified,,,,,,,,,,,,
marker_atlas.json,mkg-2026.08,blood,T cell > CD8+ T cell > Naive CD8+ T cell,CCR7,positive,human;mouse,baseline_or_unspecified,,,,,,,,,,,,
marker_atlas.json,mkg-2026.08,blood,T cell > CD8+ T cell > Naive CD8+ T cell,LEF1,positive,human;mouse,baseline_or_unspecified,,,,,,,,,,,,
marker_atlas.json,mkg-2026.08,blood,T cell > CD8+ T cell > Naive CD8+ T cell,SELL,positive,human;mouse,baseline_or_unspecified,,,,,,,,,,,,
marker_atlas.json,mkg-2026.08,blood,T cell > CD8+ T cell > Naive CD8+ T cell,TCF7,positive,human;mouse,baseline_or_unspecified,,,,,,,,,,,,
marker_atlas.json,mkg-2026.08,blood,T cell > CD8+ T cell > Naive CD8+ T cell,GZMB,negative,human;mouse,baseline_or_unspecified,,,,,,,,,,,,
marker_atlas.json,mkg-2026.08,blood,T cell > CD8+ T cell > Naive CD8+ T cell,PRF1,negative,human;mouse,baseline_or_unspecified,,,,,,,,,,,,
marker_atlas.json,mkg-2026.08,blood,T cell > CD8+ T cell > Naive CD8+ T cell,GNLY,negative,human;mouse,baseline_or_unspecified,,,,,,,,,,,,
marker_atlas.json,mkg-2026.08,blood,T cell > CD8+ T cell > Effector CD8+ T cell,GZMB,positive,human;mouse,baseline_or_unspecified,,,,,,,,,,,,
marker_atlas.json,mkg-2026.08,blood,T cell > CD8+ T cell > Effector CD8+ T cell,PRF1,positive,human;mouse,baseline_or_unspecified,,,,,,,,,,,,
marker_atlas.json,mkg-2026.08,blood,T cell > CD8+ T cell > Effector CD8+ T cell,GNLY,positive,human;mouse,baseline_or_unspecified,,,,,,,,,,,,
marker_atlas.json,mkg-2026.08,blood,T cell > CD8+ T cell > Effector CD8+ T cell,NKG7,positive,human;mouse,baseline_or_unspecified,,,,,,,,,,,,
marker_atlas.json,mkg-2026.08,blood,T cell > CD8+ T cell > Effector CD8+ T cell,CST7,positive,human;mouse,baseline_or_unspecified,,,,,,,,,,,,
marker_atlas.json,mkg-2026.08,blood,T cell > CD8+ T cell > Effector CD8+ T cell,CCR7,negative,human;mouse,baseline_or_unspecified,,,,,,,,,,,,
marker_atlas.json,mkg-2026.08,blood,T cell > CD8+ T cell > Effector CD8+ T cell,LEF1,negative,human;mouse,baseline_or_unspecified,,,,,,,,,,,,
marker_atlas.json,mkg-2026.08,blood,T cell > CD8+ T cell > Effector CD8+ T cell,SELL,negative,human;mouse,baseline_or_unspecified,,,,,,,,,,,,
marker_atlas.json,mkg-2026.08,blood,T cell > Gamma-delta T cell,TRDC,positive,human;mouse,baseline_or_unspecified,,,,,,,,,,,,
marker_atlas.json,mkg-2026.08,blood,T cell > Gamma-delta T cell,TRGC1,positive,human;mouse,baseline_or_unspecified,,,,,,,,,,,,
marker_atlas.json,mkg-2026.08,blood,T cell > Gamma-delta T cell,TRGC2,positive,human;mouse,baseline_or_unspecified,,,,,,,,,,,,
marker_atlas.json,mkg-2026.08,blood,T cell > Gamma-delta T cell,CD3D,positive,human;mouse,baseline_or_unspecified,,,,,,,,,,,,
marker_atlas.json,mkg-2026.08,blood,T cell > Gamma-delta T cell,CD4,negative,human;mouse,baseline_or_unspecified,,,,,,,,,,,,
marker_atlas.json,mkg-2026.08,blood,T cell > Gamma-delta T cell,CD8A,negative,human;mouse,baseline_or_unspecified,,,,,,,,,,,,
marker_atlas.json,mkg-2026.08,blood,T cell > Gamma-delta T cell,CD19,negative,human;mouse,baseline_or_unspecified,,,,,,,,,,,,
marker_atlas.json,mkg-2026.08,blood,B cell,CD19,positive,human;mouse,baseline_or_unspecified,,,,,,,,,,,,
marker_atlas.json,mkg-2026.08,blood,B cell,MS4A1,positive,human;mouse,baseline_or_unspecified,,,,,,,,,,,,
marker_atlas.json,mkg-2026.08,blood,B cell,CD79A,positive,human;mouse,baseline_or_unspecified,,,,,,,,,,,,
marker_atlas.json,mkg-2026.08,blood,B cell,CD79B,positive,human;mouse,baseline_or_unspecified,,,,,,,,,,,,
marker_atlas.json,mkg-2026.08,blood,B cell,PAX5,positive,human;mouse,baseline_or_unspecified,,,,,,,,,,,,
marker_atlas.json,mkg-2026.08,blood,B cell,CD3D,negative,human;mouse,baseline_or_unspecified,,,,,,,,,,,,
marker_atlas.json,mkg-2026.08,blood,B cell,CD14,negative,human;mouse,baseline_or_unspecified,,,,,,,,,,,,
marker_atlas.json,mkg-2026.08,blood,B cell,NCAM1,negative,human;mouse,baseline_or_unspecified,,,,,,,,,,,,
marker_atlas.json,mkg-2026.08,blood,B cell > Naive B cell,IGD,positive,human;mouse,baseline_or_unspecified,,,,,,,,,,,,
marker_atlas.json,mkg-2026.08,blood,B cell > Naive B cell,IGHM,positive,human;mouse,baseline_or_unspecified,,,,,,,,,,,,
marker_atlas.json,mkg-2026.08,blood,B cell > Naive B cell,CD27,positive,human;mouse,baseline_or_unspecified,,,,,,,,,,,,
marker_atlas.json,mkg-2026.08,blood,B cell > Naive B cell,MS4A1,positive,human;mouse,baseline_or_unspecified,,,,,,,,,,,,
marker_atlas.json,mkg-2026.08,blood,B cell > Naive B cell,CD19,positive,human;mouse,baseline_or_unspecified,,,,,,,,,,,,
marker_atlas.json,mkg-2026.08,blood,B cell > Naive B cell,CD27,negative,human;mouse,baseline_or_unspecified,,,,,,,,,,,,
marker_atlas.json,mkg-2026.08,blood,B cell > Naive B cell,SDC1,negative,human;mouse,baseline_or_unspecified,,,,,,,,,,,,
marker_atlas.json,mkg-2026.08,blood,B cell > Memory B cell,CD27,positive,human;mouse,baseline_or_unspecified,,,,,,,,,,,,
marker_atlas.json,mkg-2026.08,blood,B cell > Memory B cell,MS4A1,positive,human;mouse,baseline_or_unspecified,,,,,,,,,,,,
marker_atlas.json,mkg-2026.08,blood,B cell > Memory B cell,CD19,positive,human;mouse,baseline_or_unspecified,,,,,,,,,,,,
marker_atlas.json,mkg-2026.08,blood,B cell > Memory B cell,IGHG1,positive,human;mouse,baseline_or_unspecified,,,,,,,,,,,,
marker_atlas.json,mkg-2026.08,blood,B cell > Memory B cell,IGD,negative,human;mouse,baseline_or_unspecified,,,,,,,,,,,,
marker_atlas.json,mkg-2026.08,blood,B cell > Memory B cell,SDC1,negative,human;mouse,baseline_or_unspecified,,,,,,,,,,,,
marker_atlas.json,mkg-2026.08,blood,B cell > Plasma cell,SDC1,positive,human;mouse,baseline_or_unspecified,,,,,,,,,,,,
marker_atlas.json,mkg-2026.08,blood,B cell > Plasma cell,MZB1,positive,human;mouse,baseline_or_unspecified,,,,,,,,,,,,
marker_atlas.json,mkg-2026.08,blood,B cell > Plasma cell,JCHAIN,positive,human;mouse,baseline_or_unspecified,,,,,,,,,,,,
marker_atlas.json,mkg-2026.08,blood,B cell > Plasma cell,IGHG1,positive,human;mouse,baseline_or_unspecified,,,,,,,,,,,,
marker_atlas.json,mkg-2026.08,blood,B cell > Plasma cell,XBP1,positive,human;mouse,baseline_or_unspecified,,,,,,,,,,,,
marker_atlas.json,mkg-2026.08,blood,B cell > Plasma cell,PRDM1,positive,human;mouse,baseline_or_unspecified,,,,,,,,,,,,
marker_atlas.json,mkg-2026.08,blood,B cell > Plasma cell,MS4A1,negative,human;mouse,baseline_or_unspecified,,,,,,,,,,,,
marker_atlas.json,mkg-2026.08,blood,B cell > Plasma cell,CD19,negative,human;mouse,baseline_or_unspecified,,,,,,,,,,,,
marker_atlas.json,mkg-2026.08,blood,B cell > Plasma cell,IGHD,negative,human;mouse,baseline_or_unspecified,,,,,,,,,,,,
marker_atlas.json,mkg-2026.08,blood,NK cell,NCAM1,positive,human;mouse,baseline_or_unspecified,,,,,,,,,,,,
marker_atlas.json,mkg-2026.08,blood,NK cell,NKG7,positive,human;mouse,baseline_or_unspecified,,,,,,,,,,,,
marker_atlas.json,mkg-2026.08,blood,NK cell,GNLY,positive,human;mouse,baseline_or_unspecified,,,,,,,,,,,,
marker_atlas.json,mkg-2026.08,blood,NK cell,KLRD1,positive,human;mouse,baseline_or_unspecified,,,,,,,,,,,,
marker_atlas.json,mkg-2026.08,blood,NK cell,KLRB1,positive,human;mouse,baseline_or_unspecified,,,,,,,,,,,,
marker_atlas.json,mkg-2026.08,blood,NK cell,FCGR3A,positive,human;mouse,baseline_or_unspecified,,,,,,,,,,,,
marker_atlas.json,mkg-2026.08,blood,NK cell,CD3D,negative,human;mouse,baseline_or_unspecified,,,,,,,,,,,,
marker_atlas.json,mkg-2026.08,blood,NK cell,CD19,negative,human;mouse,baseline_or_unspecified,,,,,,,,,,,,
marker_atlas.json,mkg-2026.08,blood,NK cell,CD14,negative,human;mouse,baseline_or_unspecified,,,,,,,,,,,,
marker_atlas.json,mkg-2026.08,blood,NK cell > CD56bright NK cell,NCAM1,positive,human;mouse,baseline_or_unspecified,,,,,,,,,,,,
marker_atlas.json,mkg-2026.08,blood,NK cell > CD56bright NK cell,FCGR3A,positive,human;mouse,baseline_or_unspecified,,,,,,,,,,,,
marker_atlas.json,mkg-2026.08,blood,NK cell > CD56bright NK cell,NKG7,positive,human;mouse,baseline_or_unspecified,,,,,,,,,,,,
marker_atlas.json,mkg-2026.08,blood,NK cell > CD56bright NK cell,CXCR4,positive,human;mouse,baseline_or_unspecified,,,,,,,,,,,,
marker_atlas.json,mkg-2026.08,blood,NK cell > CD56bright NK cell,FCGR3A,negative,human;mouse,baseline_or_unspecified,,,,,,,,,,,,
marker_atlas.json,mkg-2026.08,blood,NK cell > CD56dim NK cell,FCGR3A,positive,human;mouse,baseline_or_unspecified,,,,,,,,,,,,
marker_atlas.json,mkg-2026.08,blood,NK cell > CD56dim NK cell,NKG7,positive,human;mouse,baseline_or_unspecified,,,,,,,,,,,,
marker_atlas.json,mkg-2026.08,blood,NK cell > CD56dim NK cell,GNLY,positive,human;mouse,baseline_or_unspecified,,,,,,,,,,,,
marker_atlas.json,mkg-2026.08,blood,NK cell > CD56dim NK cell,KLRD1,positive,human;mouse,baseline_or_unspecified,,,,,,,,,,,,
marker_atlas.json,mkg-2026.08,blood,NK cell > CD56dim NK cell,PRF1,positive,human;mouse,baseline_or_unspecified,,,,,,,,,,,,
marker_atlas.json,mkg-2026.08,blood,NK cell > CD56dim NK cell,CD3D,negative,human;mouse,baseline_or_unspecified,,,,,,,,,,,,
marker_atlas.json,mkg-2026.08,blood,Monocyte,CD14,positive,human;mouse,baseline_or_unspecified,,,,,,,,,,,,
marker_atlas.json,mkg-2026.08,blood,Monocyte,LYZ,positive,human;mouse,baseline_or_unspecified,,,,,,,,,,,,
marker_atlas.json,mkg-2026.08,blood,Monocyte,S100A8,positive,human;mouse,baseline_or_unspecified,,,,,,,,,,,,
marker_atlas.json,mkg-2026.08,blood,Monocyte,S100A9,positive,human;mouse,baseline_or_unspecified,,,,,,,,,,,,
marker_atlas.json,mkg-2026.08,blood,Monocyte,FCN1,positive,human;mouse,baseline_or_unspecified,,,,,,,,,,,,
marker_atlas.json,mkg-2026.08,blood,Monocyte,CD3D,negative,human;mouse,baseline_or_unspecified,,,,,,,,,,,,
marker_atlas.json,mkg-2026.08,blood,Monocyte,CD19,negative,human;mouse,baseline_or_unspecified,,,,,,,,,,,,
marker_atlas.json,mkg-2026.08,blood,Monocyte,NCAM1,negative,human;mouse,baseline_or_unspecified,,,,,,,,,,,,
marker_atlas.json,mkg-2026.08,blood,Monocyte,FCGR3A,negative,human;mouse,baseline_or_unspecified,,,,,,,,,,,,
marker_atlas.json,mkg-2026.08,blood,Monocyte > Classical monocyte,CD14,positive,human;mouse,baseline_or_unspecified,,,,,,,,,,,,
marker_atlas.json,mkg-2026.08,blood,Monocyte > Classical monocyte,S100A8,positive,human;mouse,baseline_or_unspecified,,,,,,,,,,,,
marker_atlas.json,mkg-2026.08,blood,Monocyte > Classical monocyte,S100A9,positive,human;mouse,baseline_or_unspecified,,,,,,,,,,,,
marker_atlas.json,mkg-2026.08,blood,Monocyte > Classical monocyte,LYZ,positive,human;mouse,baseline_or_unspecified,,,,,,,,,,,,
marker_atlas.json,mkg-2026.08,blood,Monocyte > Classical monocyte,FCN1,positive,human;mouse,baseline_or_unspecified,,,,,,,,,,,,
marker_atlas.json,mkg-2026.08,blood,Monocyte > Classical monocyte,CCR2,positive,human;mouse,baseline_or_unspecified,,,,,,,,,,,,
marker_atlas.json,mkg-2026.08,blood,Monocyte > Classical monocyte,FCGR3A,negative,human;mouse,baseline_or_unspecified,,,,,,,,,,,,
marker_atlas.json,mkg-2026.08,blood,Monocyte > Classical monocyte,CD163,negative,human;mouse,baseline_or_unspecified,,,,,,,,,,,,
marker_atlas.json,mkg-2026.08,blood,Monocyte > Non-classical monocyte,FCGR3A,positive,human;mouse,baseline_or_unspecified,,,,,,,,,,,,
marker_atlas.json,mkg-2026.08,blood,Monocyte > Non-classical monocyte,CD163,positive,human;mouse,baseline_or_unspecified,,,,,,,,,,,,
marker_atlas.json,mkg-2026.08,blood,Monocyte > Non-classical monocyte,MS4A7,positive,human;mouse,baseline_or_unspecified,,,,,,,,,,,,
marker_atlas.json,mkg-2026.08,blood,Monocyte > Non-classical monocyte,LYZ,positive,human;mouse,baseline_or_unspecified,,,,,,,,,,,,
marker_atlas.json,mkg-2026.08,blood,Monocyte > Non-classical monocyte,CCL3,positive,human;mouse,baseline_or_unspecified,,,,,,,,,,,,
marker_atlas.json,mkg-2026.08,blood,Monocyte > Non-classical monocyte,S100A8,negative,human;mouse,baseline_or_unspecified,,,,,,,,,,,,
marker_atlas.json,mkg-2026.08,blood,Monocyte > Non-classical monocyte,S100A9,negative,human;mouse,baseline_or_unspecified,,,,,,,,,,,,
marker_atlas.json,mkg-2026.08,blood,Dendritic cell,ITGAX,positive,human;mouse,baseline_or_unspecified,,,,,,,,,,,,
marker_atlas.json,mkg-2026.08,blood,Dendritic cell,FCER1A,positive,human;mouse,baseline_or_unspecified,,,,,,,,,,,,
marker_atlas.json,mkg-2026.08,blood,Dendritic cell,CLEC10A,positive,human;mouse,baseline_or_unspecified,,,,,,,,,,,,
marker_atlas.json,mkg-2026.08,blood,Dendritic cell,CD1C,positive,human;mouse,baseline_or_unspecified,,,,,,,,,,,,
marker_atlas.json,mkg-2026.08,blood,Dendritic cell,HLA-DRA,positive,human;mouse,baseline_or_unspecified,,,,,,,,,,,,
marker_atlas.json,mkg-2026.08,blood,Dendritic cell,CD3D,negative,human;mouse,baseline_or_unspecified,,,,,,,,,,,,
marker_atlas.json,mkg-2026.08,blood,Dendritic cell,CD19,negative,human;mouse,baseline_or_unspecified,,,,,,,,,,,,
marker_atlas.json,mkg-2026.08,blood,Dendritic cell,CD14,negative,human;mouse,baseline_or_unspecified,,,,,,,,,,,,
marker_atlas.json,mkg-2026.08,blood,Dendritic cell,NCAM1,negative,human;mouse,baseline_or_unspecified,,,,,,,,,,,,
marker_atlas.json,mkg-2026.08,blood,Dendritic cell > cDC1,CLEC9A,positive,human;mouse,baseline_or_unspecified,,,,,,,,,,,,
marker_atlas.json,mkg-2026.08,blood,Dendritic cell > cDC1,IRF8,positive,human;mouse,baseline_or_unspecified,,,,,,,,,,,,
marker_atlas.json,mkg-2026.08,blood,Dendritic cell > cDC1,FCER1A,positive,human;mouse,baseline_or_unspecified,,,,,,,,,,,,
marker_atlas.json,mkg-2026.08,blood,Dendritic cell > cDC1,CD1C,positive,human;mouse,baseline_or_unspecified,,,,,,,,,,,,
marker_atlas.json,mkg-2026.08,blood,Dendritic cell > cDC1,XCR1,positive,human;mouse,baseline_or_unspecified,,,,,,,,,,,,
marker_atlas.json,mkg-2026.08,blood,Dendritic cell > cDC1,CD14,negative,human;mouse,baseline_or_unspecified,,,,,,,,,,,,
marker_atlas.json,mkg-2026.08,blood,Dendritic cell > cDC1,CD3D,negative,human;mouse,baseline_or_unspecified,,,,,,,,,,,,
marker_atlas.json,mkg-2026.08,blood,Dendritic cell > cDC2,CD1C,positive,human;mouse,baseline_or_unspecified,,,,,,,,,,,,
marker_atlas.json,mkg-2026.08,blood,Dendritic cell > cDC2,CLEC10A,positive,human;mouse,baseline_or_unspecified,,,,,,,,,,,,
marker_atlas.json,mkg-2026.08,blood,Dendritic cell > cDC2,FCER1A,positive,human;mouse,baseline_or_unspecified,,,,,,,,,,,,
marker_atlas.json,mkg-2026.08,blood,Dendritic cell > cDC2,IRF4,positive,human;mouse,baseline_or_unspecified,,,,,,,,,,,,
marker_atlas.json,mkg-2026.08,blood,Dendritic cell > cDC2,CD14,negative,human;mouse,baseline_or_unspecified,,,,,,,,,,,,
marker_atlas.json,mkg-2026.08,blood,Dendritic cell > cDC2,CD3D,negative,human;mouse,baseline_or_unspecified,,,,,,,,,,,,
marker_atlas.json,mkg-2026.08,blood,Dendritic cell > cDC2,CLEC9A,negative,human;mouse,baseline_or_unspecified,,,,,,,,,,,,
marker_atlas.json,mkg-2026.08,blood,Dendritic cell > pDC,CLEC4C,positive,human;mouse,baseline_or_unspecified,,,,,,,,,,,,
marker_atlas.json,mkg-2026.08,blood,Dendritic cell > pDC,NRP1,positive,human;mouse,baseline_or_unspecified,,,,,,,,,,,,
marker_atlas.json,mkg-2026.08,blood,Dendritic cell > pDC,IRF7,positive,human;mouse,baseline_or_unspecified,,,,,,,,,,,,
marker_atlas.json,mkg-2026.08,blood,Dendritic cell > pDC,FCER1A,positive,human;mouse,baseline_or_unspecified,,,,,,,,,,,,
marker_atlas.json,mkg-2026.08,blood,Dendritic cell > pDC,CD303,positive,human;mouse,baseline_or_unspecified,,,,,,,,,,,,
marker_atlas.json,mkg-2026.08,blood,Dendritic cell > pDC,CD14,negative,human;mouse,baseline_or_unspecified,,,,,,,,,,,,
marker_atlas.json,mkg-2026.08,blood,Dendritic cell > pDC,CD1C,negative,human;mouse,baseline_or_unspecified,,,,,,,,,,,,
marker_atlas.json,mkg-2026.08,blood,Dendritic cell > pDC,CD3D,negative,human;mouse,baseline_or_unspecified,,,,,,,,,,,,
marker_atlas.json,mkg-2026.08,blood,Platelet,PF4,positive,human;mouse,baseline_or_unspecified,,,,,,,,,,,,
marker_atlas.json,mkg-2026.08,blood,Platelet,PPBP,positive,human;mouse,baseline_or_unspecified,,,,,,,,,,,,
marker_atlas.json,mkg-2026.08,blood,Platelet,GP1BB,positive,human;mouse,baseline_or_unspecified,,,,,,,,,,,,
marker_atlas.json,mkg-2026.08,blood,Platelet,ITGA2B,positive,human;mouse,baseline_or_unspecified,,,,,,,,,,,,
marker_atlas.json,mkg-2026.08,blood,Platelet,CD9,positive,human;mouse,baseline_or_unspecified,,,,,,,,,,,,
marker_atlas.json,mkg-2026.08,blood,Platelet,CD3D,negative,human;mouse,baseline_or_unspecified,,,,,,,,,,,,
marker_atlas.json,mkg-2026.08,blood,Platelet,CD19,negative,human;mouse,baseline_or_unspecified,,,,,,,,,,,,
marker_atlas.json,mkg-2026.08,blood,Platelet,CD14,negative,human;mouse,baseline_or_unspecified,,,,,,,,,,,,
marker_atlas.json,mkg-2026.08,blood,Platelet,LYZ,negative,human;mouse,baseline_or_unspecified,,,,,,,,,,,,
marker_atlas.json,mkg-2026.08,lung,Alveolar macrophage,MARCO,positive,human;mouse,baseline_or_unspecified,,,,,,,,,,,,
marker_atlas.json,mkg-2026.08,lung,Alveolar macrophage,CD68,positive,human;mouse,baseline_or_unspecified,,,,,,,,,,,,
marker_atlas.json,mkg-2026.08,lung,Alveolar macrophage,LYZ,positive,human;mouse,baseline_or_unspecified,,,,,,,,,,,,
marker_atlas.json,mkg-2026.08,lung,Alveolar macrophage,CMTM7,positive,human;mouse,baseline_or_unspecified,,,,,,,,,,,,
marker_atlas.json,mkg-2026.08,lung,Alveolar macrophage,FABP4,positive,human;mouse,baseline_or_unspecified,,,,,,,,,,,,
marker_atlas.json,mkg-2026.08,lung,Alveolar macrophage,CD3D,negative,human;mouse,baseline_or_unspecified,,,,,,,,,,,,
marker_atlas.json,mkg-2026.08,lung,Alveolar macrophage,EPCAM,negative,human;mouse,baseline_or_unspecified,,,,,,,,,,,,
marker_atlas.json,mkg-2026.08,lung,Alveolar macrophage,PTPRC,negative,human;mouse,baseline_or_unspecified,,,,,,,,,,,,
marker_atlas.json,mkg-2026.08,lung,Alveolar type 1 cell,AGER,positive,human;mouse,baseline_or_unspecified,,,,,,,,,,,,
marker_atlas.json,mkg-2026.08,lung,Alveolar type 1 cell,PDPN,positive,human;mouse,baseline_or_unspecified,,,,,,,,,,,,
marker_atlas.json,mkg-2026.08,lung,Alveolar type 1 cell,B2M,positive,human;mouse,baseline_or_unspecified,,,,,,,,,,,,
marker_atlas.json,mkg-2026.08,lung,Alveolar type 1 cell,EGFR,positive,human;mouse,baseline_or_unspecified,,,,,,,,,,,,
marker_atlas.json,mkg-2026.08,lung,Alveolar type 1 cell,SFTPC,negative,human;mouse,baseline_or_unspecified,,,,,,,,,,,,
marker_atlas.json,mkg-2026.08,lung,Alveolar type 1 cell,SCGB1A1,negative,human;mouse,baseline_or_unspecified,,,,,,,,,,,,
marker_atlas.json,mkg-2026.08,lung,Alveolar type 1 cell,MUC5B,negative,human;mouse,baseline_or_unspecified,,,,,,,,,,,,
marker_atlas.json,mkg-2026.08,lung,Alveolar type 2 cell,SFTPC,positive,human;mouse,baseline_or_unspecified,,,,,,,,,,,,
marker_atlas.json,mkg-2026.08,lung,Alveolar type 2 cell,SFTPA1,positive,human;mouse,baseline_or_unspecified,,,,,,,,,,,,
marker_atlas.json,mkg-2026.08,lung,Alveolar type 2 cell,ABCA3,positive,human;mouse,baseline_or_unspecified,,,,,,,,,,,,
marker_atlas.json,mkg-2026.08,lung,Alveolar type 2 cell,NKX2-1,positive,human;mouse,baseline_or_unspecified,,,,,,,,,,,,
marker_atlas.json,mkg-2026.08,lung,Alveolar type 2 cell,CHGA,positive,human;mouse,baseline_or_unspecified,,,,,,,,,,,,
marker_atlas.json,mkg-2026.08,lung,Alveolar type 2 cell,AGER,negative,human;mouse,baseline_or_unspecified,,,,,,,,,,,,
marker_atlas.json,mkg-2026.08,lung,Alveolar type 2 cell,PDPN,negative,human;mouse,baseline_or_unspecified,,,,,,,,,,,,
marker_atlas.json,mkg-2026.08,lung,Alveolar type 2 cell,MUC5B,negative,human;mouse,baseline_or_unspecified,,,,,,,,,,,,
marker_atlas.json,mkg-2026.08,lung,Alveolar type 2 cell,SCGB1A1,negative,human;mouse,baseline_or_unspecified,,,,,,,,,,,,
marker_atlas.json,mkg-2026.08,lung,Ciliated cell,FOXJ1,positive,human;mouse,baseline_or_unspecified,,,,,,,,,,,,
marker_atlas.json,mkg-2026.08,lung,Ciliated cell,DNAI1,positive,human;mouse,baseline_or_unspecified,,,,,,,,,,,,
marker_atlas.json,mkg-2026.08,lung,Ciliated cell,DNAH5,positive,human;mouse,baseline_or_unspecified,,,,,,,,,,,,
marker_atlas.json,mkg-2026.08,lung,Ciliated cell,CCDC39,positive,human;mouse,baseline_or_unspecified,,,,,,,,,,,,
marker_atlas.json,mkg-2026.08,lung,Ciliated cell,TUBB4B,positive,human;mouse,baseline_or_unspecified,,,,,,,,,,,,
marker_atlas.json,mkg-2026.08,lung,Ciliated cell,SFTPC,negative,human;mouse,baseline_or_unspecified,,,,,,,,,,,,
marker_atlas.json,mkg-2026.08,lung,Ciliated cell,MUC5AC,negative,human;mouse,baseline_or_unspecified,,,,,,,,,,,,
marker_atlas.json,mkg-2026.08,lung,Ciliated cell,TP63,negative,human;mouse,baseline_or_unspecified,,,,,,,,,,,,
marker_atlas.json,mkg-2026.08,lung,Club cell,SCGB1A1,positive,human;mouse,baseline_or_unspecified,,,,,,,,,,,,
marker_atlas.json,mkg-2026.08,lung,Club cell,SCGB3A2,positive,human;mouse,baseline_or_unspecified,,,,,,,,,,,,
marker_atlas.json,mkg-2026.08,lung,Club cell,CCSP,positive,human;mouse,baseline_or_unspecified,,,,,,,,,,,,
marker_atlas.json,mkg-2026.08,lung,Club cell,NKX2-1,positive,human;mouse,baseline_or_unspecified,,,,,,,,,,,,
marker_atlas.json,mkg-2026.08,lung,Club cell,MUC5AC,negative,human;mouse,baseline_or_unspecified,,,,,,,,,,,,
marker_atlas.json,mkg-2026.08,lung,Club cell,MUC5B,negative,human;mouse,baseline_or_unspecified,,,,,,,,,,,,
marker_atlas.json,mkg-2026.08,lung,Club cell,FOXJ1,negative,human;mouse,baseline_or_unspecified,,,,,,,,,,,,
marker_atlas.json,mkg-2026.08,lung,Club cell,SFTPC,negative,human;mouse,baseline_or_unspecified,,,,,,,,,,,,
marker_atlas.json,mkg-2026.08,lung,Goblet cell,MUC5AC,positive,human;mouse,baseline_or_unspecified,,,,,,,,,,,,
marker_atlas.json,mkg-2026.08,lung,Goblet cell,MUC5B,positive,human;mouse,baseline_or_unspecified,,,,,,,,,,,,
marker_atlas.json,mkg-2026.08,lung,Goblet cell,TFF1,positive,human;mouse,baseline_or_unspecified,,,,,,,,,,,,
marker_atlas.json,mkg-2026.08,lung,Goblet cell,SPDEF,positive,human;mouse,baseline_or_unspecified,,,,,,,,,,,,
marker_atlas.json,mkg-2026.08,lung,Goblet cell,SCGB1A1,negative,human;mouse,baseline_or_unspecified,,,,,,,,,,,,
marker_atlas.json,mkg-2026.08,lung,Goblet cell,FOXJ1,negative,human;mouse,baseline_or_unspecified,,,,,,,,,,,,
marker_atlas.json,mkg-2026.08,lung,Goblet cell,SFTPC,negative,human;mouse,baseline_or_unspecified,,,,,,,,,,,,
marker_atlas.json,mkg-2026.08,lung,Basal cell,TP63,positive,human;mouse,baseline_or_unspecified,,,,,,,,,,,,
marker_atlas.json,mkg-2026.08,lung,Basal cell,KRT5,positive,human;mouse,baseline_or_unspecified,,,,,,,,,,,,
marker_atlas.json,mkg-2026.08,lung,Basal cell,KRT17,positive,human;mouse,baseline_or_unspecified,,,,,,,,,,,,
marker_atlas.json,mkg-2026.08,lung,Basal cell,ITGA6,positive,human;mouse,baseline_or_unspecified,,,,,,,,,,,,
marker_atlas.json,mkg-2026.08,lung,Basal cell,CD44,positive,human;mouse,baseline_or_unspecified,,,,,,,,,,,,
marker_atlas.json,mkg-2026.08,lung,Basal cell,FOXJ1,negative,human;mouse,baseline_or_unspecified,,,,,,,,,,,,
marker_atlas.json,mkg-2026.08,lung,Basal cell,SFTPC,negative,human;mouse,baseline_or_unspecified,,,,,,,,,,,,
marker_atlas.json,mkg-2026.08,lung,Basal cell,MUC5AC,negative,human;mouse,baseline_or_unspecified,,,,,,,,,,,,
marker_atlas.json,mkg-2026.08,liver,Hepatocyte,ALB,positive,human;mouse,baseline_or_unspecified,,,,,,,,,,,,
marker_atlas.json,mkg-2026.08,liver,Hepatocyte,AFP,positive,human;mouse,baseline_or_unspecified,,,,,,,,,,,,
marker_atlas.json,mkg-2026.08,liver,Hepatocyte,CYP3A4,positive,human;mouse,baseline_or_unspecified,,,,,,,,,,,,
marker_atlas.json,mkg-2026.08,liver,Hepatocyte,HNF4A,positive,human;mouse,baseline_or_unspecified,,,,,,,,,,,,
marker_atlas.json,mkg-2026.08,liver,Hepatocyte,APOA1,positive,human;mouse,baseline_or_unspecified,,,,,,,,,,,,
marker_atlas.json,mkg-2026.08,liver,Hepatocyte,FGB,positive,human;mouse,baseline_or_unspecified,,,,,,,,,,,,
marker_atlas.json,mkg-2026.08,liver,Hepatocyte,PTPRC,negative,human;mouse,baseline_or_unspecified,,,,,,,,,,,,
marker_atlas.json,mkg-2026.08,liver,Hepatocyte,PECAM1,negative,human;mouse,baseline_or_unspecified,,,,,,,,,,,,
marker_atlas.json,mkg-2026.08,liver,Hepatocyte,EPCAM,negative,human;mouse,baseline_or_unspecified,,,,,,,,,,,,
marker_atlas.json,mkg-2026.08,liver,Kupffer cell,MARCO,positive,human;mouse,baseline_or_unspecified,,,,,,,,,,,,
marker_atlas.json,mkg-2026.08,liver,Kupffer cell,CD68,positive,human;mouse,baseline_or_unspecified,,,,,,,,,,,,
marker_atlas.json,mkg-2026.08,liver,Kupffer cell,LYZ,positive,human;mouse,baseline_or_unspecified,,,,,,,,,,,,
marker_atlas.json,mkg-2026.08,liver,Kupffer cell,C1QA,positive,human;mouse,baseline_or_unspecified,,,,,,,,,,,,
marker_atlas.json,mkg-2026.08,liver,Kupffer cell,C1QB,positive,human;mouse,baseline_or_unspecified,,,,,,,,,,,,
marker_atlas.json,mkg-2026.08,liver,Kupffer cell,VCAN,positive,human;mouse,baseline_or_unspecified,,,,,,,,,,,,
marker_atlas.json,mkg-2026.08,liver,Kupffer cell,ALB,negative,human;mouse,baseline_or_unspecified,,,,,,,,,,,,
marker_atlas.json,mkg-2026.08,liver,Kupffer cell,EPCAM,negative,human;mouse,baseline_or_unspecified,,,,,,,,,,,,
marker_atlas.json,mkg-2026.08,liver,Kupffer cell,PECAM1,negative,human;mouse,baseline_or_unspecified,,,,,,,,,,,,
marker_atlas.json,mkg-2026.08,liver,Cholangiocyte,EPCAM,positive,human;mouse,baseline_or_unspecified,,,,,,,,,,,,
marker_atlas.json,mkg-2026.08,liver,Cholangiocyte,KRT19,positive,human;mouse,baseline_or_unspecified,,,,,,,,,,,,
marker_atlas.json,mkg-2026.08,liver,Cholangiocyte,KRT7,positive,human;mouse,baseline_or_unspecified,,,,,,,,,,,,
marker_atlas.json,mkg-2026.08,liver,Cholangiocyte,CFTR,positive,human;mouse,baseline_or_unspecified,,,,,,,,,,,,
marker_atlas.json,mkg-2026.08,liver,Cholangiocyte,SOX9,positive,human;mouse,baseline_or_unspecified,,,,,,,,,,,,
marker_atlas.json,mkg-2026.08,liver,Cholangiocyte,ALB,negative,human;mouse,baseline_or_unspecified,,,,,,,,,,,,
marker_atlas.json,mkg-2026.08,liver,Cholangiocyte,PTPRC,negative,human;mouse,baseline_or_unspecified,,,,,,,,,,,,
marker_atlas.json,mkg-2026.08,liver,Cholangiocyte,PECAM1,negative,human;mouse,baseline_or_unspecified,,,,,,,,,,,,
marker_atlas.json,mkg-2026.08,liver,Liver endothelial cell,PECAM1,positive,human;mouse,baseline_or_unspecified,,,,,,,,,,,,
marker_atlas.json,mkg-2026.08,liver,Liver endothelial cell,CDH5,positive,human;mouse,baseline_or_unspecified,,,,,,,,,,,,
marker_atlas.json,mkg-2026.08,liver,Liver endothelial cell,LYVE1,positive,human;mouse,baseline_or_unspecified,,,,,,,,,,,,
marker_atlas.json,mkg-2026.08,liver,Liver endothelial cell,STAB1,positive,human;mouse,baseline_or_unspecified,,,,,,,,,,,,
marker_atlas.json,mkg-2026.08,liver,Liver endothelial cell,STAB2,positive,human;mouse,baseline_or_unspecified,,,,,,,,,,,,
marker_atlas.json,mkg-2026.08,liver,Liver endothelial cell,ALB,negative,human;mouse,baseline_or_unspecified,,,,,,,,,,,,
marker_atlas.json,mkg-2026.08,liver,Liver endothelial cell,EPCAM,negative,human;mouse,baseline_or_unspecified,,,,,,,,,,,,
marker_atlas.json,mkg-2026.08,liver,Liver endothelial cell,PTPRC,negative,human;mouse,baseline_or_unspecified,,,,,,,,,,,,
marker_atlas.json,mkg-2026.08,liver,Hepatic stellate cell,DES,positive,human;mouse,baseline_or_unspecified,,,,,,,,,,,,
marker_atlas.json,mkg-2026.08,liver,Hepatic stellate cell,ACTA2,positive,human;mouse,baseline_or_unspecified,,,,,,,,,,,,
marker_atlas.json,mkg-2026.08,liver,Hepatic stellate cell,PDGFRA,positive,human;mouse,baseline_or_unspecified,,,,,,,,,,,,
marker_atlas.json,mkg-2026.08,liver,Hepatic stellate cell,RGS5,positive,human;mouse,baseline_or_unspecified,,,,,,,,,,,,
marker_atlas.json,mkg-2026.08,liver,Hepatic stellate cell,LMOD1,positive,human;mouse,baseline_or_unspecified,,,,,,,,,,,,
marker_atlas.json,mkg-2026.08,liver,Hepatic stellate cell,ALB,negative,human;mouse,baseline_or_unspecified,,,,,,,,,,,,
marker_atlas.json,mkg-2026.08,liver,Hepatic stellate cell,EPCAM,negative,human;mouse,baseline_or_unspecified,,,,,,,,,,,,
marker_atlas.json,mkg-2026.08,liver,Hepatic stellate cell,PTPRC,negative,human;mouse,baseline_or_unspecified,,,,,,,,,,,,
marker_atlas.json,mkg-2026.08,liver,Hepatic stellate cell,PECAM1,negative,human;mouse,baseline_or_unspecified,,,,,,,,,,,,
marker_atlas.json,mkg-2026.08,brain,Excitatory neuron,SLC17A7,positive,human;mouse,baseline_or_unspecified,,,,,,,,,,,,
marker_atlas.json,mkg-2026.08,brain,Excitatory neuron,CAMK2A,positive,human;mouse,baseline_or_unspecified,,,,,,,,,,,,
marker_atlas.json,mkg-2026.08,brain,Excitatory neuron,NEUROD6,positive,human;mouse,baseline_or_unspecified,,,,,,,,,,,,
marker_atlas.json,mkg-2026.08,brain,Excitatory neuron,SATB2,positive,human;mouse,baseline_or_unspecified,,,,,,,,,,,,
marker_atlas.json,mkg-2026.08,brain,Excitatory neuron,GAD1,negative,human;mouse,baseline_or_unspecified,,,,,,,,,,,,
marker_atlas.json,mkg-2026.08,brain,Excitatory neuron,GAD2,negative,human;mouse,baseline_or_unspecified,,,,,,,,,,,,
marker_atlas.json,mkg-2026.08,brain,Excitatory neuron,GFAP,negative,human;mouse,baseline_or_unspecified,,,,,,,,,,,,
marker_atlas.json,mkg-2026.08,brain,Excitatory neuron,OLIG2,negative,human;mouse,baseline_or_unspecified,,,,,,,,,,,,
marker_atlas.json,mkg-2026.08,brain,Excitatory neuron,PTPRC,negative,human;mouse,baseline_or_unspecified,,,,,,,,,,,,
marker_atlas.json,mkg-2026.08,brain,Inhibitory neuron,GAD1,positive,human;mouse,baseline_or_unspecified,,,,,,,,,,,,
marker_atlas.json,mkg-2026.08,brain,Inhibitory neuron,GAD2,positive,human;mouse,baseline_or_unspecified,,,,,,,,,,,,
marker_atlas.json,mkg-2026.08,brain,Inhibitory neuron,SST,positive,human;mouse,baseline_or_unspecified,,,,,,,,,,,,
marker_atlas.json,mkg-2026.08,brain,Inhibitory neuron,PVALB,positive,human;mouse,baseline_or_unspecified,,,,,,,,,,,,
marker_atlas.json,mkg-2026.08,brain,Inhibitory neuron,VIP,positive,human;mouse,baseline_or_unspecified,,,,,,,,,,,,
marker_atlas.json,mkg-2026.08,brain,Inhibitory neuron,SLC17A7,negative,human;mouse,baseline_or_unspecified,,,,,,,,,,,,
marker_atlas.json,mkg-2026.08,brain,Inhibitory neuron,GFAP,negative,human;mouse,baseline_or_unspecified,,,,,,,,,,,,
marker_atlas.json,mkg-2026.08,brain,Inhibitory neuron,OLIG2,negative,human;mouse,baseline_or_unspecified,,,,,,,,,,,,
marker_atlas.json,mkg-2026.08,brain,Inhibitory neuron,PTPRC,negative,human;mouse,baseline_or_unspecified,,,,,,,,,,,,
marker_atlas.json,mkg-2026.08,brain,Astrocyte,GFAP,positive,human;mouse,baseline_or_unspecified,,,,,,,,,,,,
marker_atlas.json,mkg-2026.08,brain,Astrocyte,AQP4,positive,human;mouse,baseline_or_unspecified,,,,,,,,,,,,
marker_atlas.json,mkg-2026.08,brain,Astrocyte,SLC1A3,positive,human;mouse,baseline_or_unspecified,,,,,,,,,,,,
marker_atlas.json,mkg-2026.08,brain,Astrocyte,SLC1A2,positive,human;mouse,baseline_or_unspecified,,,,,,,,,,,,
marker_atlas.json,mkg-2026.08,brain,Astrocyte,ALDH1L1,positive,human;mouse,baseline_or_unspecified,,,,,,,,,,,,
marker_atlas.json,mkg-2026.08,brain,Astrocyte,GJA1,positive,human;mouse,baseline_or_unspecified,,,,,,,,,,,,
marker_atlas.json,mkg-2026.08,brain,Astrocyte,OLIG2,negative,human;mouse,baseline_or_unspecified,,,,,,,,,,,,
marker_atlas.json,mkg-2026.08,brain,Astrocyte,PTPRC,negative,human;mouse,baseline_or_unspecified,,,,,,,,,,,,
marker_atlas.json,mkg-2026.08,brain,Astrocyte,PECAM1,negative,human;mouse,baseline_or_unspecified,,,,,,,,,,,,
marker_atlas.json,mkg-2026.08,brain,Astrocyte,SLC17A7,negative,human;mouse,baseline_or_unspecified,,,,,,,,,,,,
marker_atlas.json,mkg-2026.08,brain,Oligodendrocyte,MBP,positive,human;mouse,baseline_or_unspecified,,,,,,,,,,,,
marker_atlas.json,mkg-2026.08,brain,Oligodendrocyte,MOG,positive,human;mouse,baseline_or_unspecified,,,,,,,,,,,,
marker_atlas.json,mkg-2026.08,brain,Oligodendrocyte,PLP1,positive,human;mouse,baseline_or_unspecified,,,,,,,,,,,,
marker_atlas.json,mkg-2026.08,brain,Oligodendrocyte,OLIG2,positive,human;mouse,baseline_or_unspecified,,,,,,,,,,,,
marker_atlas.json,mkg-2026.08,brain,Oligodendrocyte,MAG,positive,human;mouse,baseline_or_unspecified,,,,,,,,,,,,
marker_atlas.json,mkg-2026.08,brain,Oligodendrocyte,CNP,positive,human;mouse,baseline_or_unspecified,,,,,,,,,,,,
marker_atlas.json,mkg-2026.08,brain,Oligodendrocyte,GFAP,negative,human;mouse,baseline_or_unspecified,,,,,,,,,,,,
marker_atlas.json,mkg-2026.08,brain,Oligodendrocyte,PTPRC,negative,human;mouse,baseline_or_unspecified,,,,,,,,,,,,
marker_atlas.json,mkg-2026.08,brain,Oligodendrocyte,PECAM1,negative,human;mouse,baseline_or_unspecified,,,,,,,,,,,,
marker_atlas.json,mkg-2026.08,brain,Oligodendrocyte,SLC17A7,negative,human;mouse,baseline_or_unspecified,,,,,,,,,,,,
marker_atlas.json,mkg-2026.08,brain,OPC,PDGFRA,positive,human;mouse,baseline_or_unspecified,,,,,,,,,,,,
marker_atlas.json,mkg-2026.08,brain,OPC,CSPG4,positive,human;mouse,baseline_or_unspecified,,,,,,,,,,,,
marker_atlas.json,mkg-2026.08,brain,OPC,SOX10,positive,human;mouse,baseline_or_unspecified,,,,,,,,,,,,
marker_atlas.json,mkg-2026.08,brain,OPC,OLIG2,positive,human;mouse,baseline_or_unspecified,,,,,,,,,,,,
marker_atlas.json,mkg-2026.08,brain,OPC,VCAN,positive,human;mouse,baseline_or_unspecified,,,,,,,,,,,,
marker_atlas.json,mkg-2026.08,brain,OPC,MBP,negative,human;mouse,baseline_or_unspecified,,,,,,,,,,,,
marker_atlas.json,mkg-2026.08,brain,OPC,MOG,negative,human;mouse,baseline_or_unspecified,,,,,,,,,,,,
marker_atlas.json,mkg-2026.08,brain,OPC,GFAP,negative,human;mouse,baseline_or_unspecified,,,,,,,,,,,,
marker_atlas.json,mkg-2026.08,brain,OPC,PTPRC,negative,human;mouse,baseline_or_unspecified,,,,,,,,,,,,
marker_atlas.json,mkg-2026.08,brain,Microglia,PTPRC,positive,human;mouse,baseline_or_unspecified,,,,,,,,,,,,
marker_atlas.json,mkg-2026.08,brain,Microglia,CX3CR1,positive,human;mouse,baseline_or_unspecified,,,,,,,,,,,,
marker_atlas.json,mkg-2026.08,brain,Microglia,AIF1,positive,human;mouse,baseline_or_unspecified,,,,,,,,,,,,
marker_atlas.json,mkg-2026.08,brain,Microglia,TMEM119,positive,human;mouse,baseline_or_unspecified,,,,,,,,,,,,
marker_atlas.json,mkg-2026.08,brain,Microglia,P2RY12,positive,human;mouse,baseline_or_unspecified,,,,,,,,,,,,
marker_atlas.json,mkg-2026.08,brain,Microglia,C1QA,positive,human;mouse,baseline_or_unspecified,,,,,,,,,,,,
marker_atlas.json,mkg-2026.08,brain,Microglia,GFAP,negative,human;mouse,baseline_or_unspecified,,,,,,,,,,,,
marker_atlas.json,mkg-2026.08,brain,Microglia,OLIG2,negative,human;mouse,baseline_or_unspecified,,,,,,,,,,,,
marker_atlas.json,mkg-2026.08,brain,Microglia,SLC17A7,negative,human;mouse,baseline_or_unspecified,,,,,,,,,,,,
marker_atlas.json,mkg-2026.08,brain,Microglia,PECAM1,negative,human;mouse,baseline_or_unspecified,,,,,,,,,,,,
marker_atlas.json,mkg-2026.08,kidney,Proximal tubule cell,AQP1,positive,human;mouse,baseline_or_unspecified,,,,,,,,,,,,
marker_atlas.json,mkg-2026.08,kidney,Proximal tubule cell,SLC34A1,positive,human;mouse,baseline_or_unspecified,,,,,,,,,,,,
marker_atlas.json,mkg-2026.08,kidney,Proximal tubule cell,SLC9A3,positive,human;mouse,baseline_or_unspecified,,,,,,,,,,,,
marker_atlas.json,mkg-2026.08,kidney,Proximal tubule cell,CUBN,positive,human;mouse,baseline_or_unspecified,,,,,,,,,,,,
marker_atlas.json,mkg-2026.08,kidney,Proximal tubule cell,MEGALIN,positive,human;mouse,baseline_or_unspecified,,,,,,,,,,,,
marker_atlas.json,mkg-2026.08,kidney,Proximal tubule cell,SLC12A1,negative,human;mouse,baseline_or_unspecified,,,,,,,,,,,,
marker_atlas.json,mkg-2026.08,kidney,Proximal tubule cell,CALB1,negative,human;mouse,baseline_or_unspecified,,,,,,,,,,,,
marker_atlas.json,mkg-2026.08,kidney,Proximal tubule cell,EPCAM,negative,human;mouse,baseline_or_unspecified,,,,,,,,,,,,
marker_atlas.json,mkg-2026.08,kidney,Loop of Henle cell,SLC12A1,positive,human;mouse,baseline_or_unspecified,,,,,,,,,,,,
marker_atlas.json,mkg-2026.08,kidney,Loop of Henle cell,UMOD,positive,human;mouse,baseline_or_unspecified,,,,,,,,,,,,
marker_atlas.json,mkg-2026.08,kidney,Loop of Henle cell,NKCC2,positive,human;mouse,baseline_or_unspecified,,,,,,,,,,,,
marker_atlas.json,mkg-2026.08,kidney,Loop of Henle cell,ROMK,positive,human;mouse,baseline_or_unspecified,,,,,,,,,,,,
marker_atlas.json,mkg-2026.08,kidney,Loop of Henle cell,AQP1,negative,human;mouse,baseline_or_unspecified,,,,,,,,,,,,
marker_atlas.json,mkg-2026.08,kidney,Loop of Henle cell,SLC34A1,negative,human;mouse,baseline_or_unspecified,,,,,,,,,,,,
marker_atlas.json,mkg-2026.08,kidney,Loop of Henle cell,CALB1,negative,human;mouse,baseline_or_unspecified,,,,,,,,,,,,
marker_atlas.json,mkg-2026.08,kidney,Distal convoluted tubule cell,CALB1,positive,human;mouse,baseline_or_unspecified,,,,,,,,,,,,
marker_atlas.json,mkg-2026.08,kidney,Distal convoluted tubule cell,SLC12A3,positive,human;mouse,baseline_or_unspecified,,,,,,,,,,,,
marker_atlas.json,mkg-2026.08,kidney,Distal convoluted tubule cell,TRPM6,positive,human;mouse,baseline_or_unspecified,,,,,,,,,,,,
marker_atlas.json,mkg-2026.08,kidney,Distal convoluted tubule cell,CLCNKB,positive,human;mouse,baseline_or_unspecified,,,,,,,,,,,,
marker_atlas.json,mkg-2026.08,kidney,Distal convoluted tubule cell,AQP1,negative,human;mouse,baseline_or_unspecified,,,,,,,,,,,,
marker_atlas.json,mkg-2026.08,kidney,Distal convoluted tubule cell,SLC12A1,negative,human;mouse,baseline_or_unspecified,,,,,,,,,,,,
marker_atlas.json,mkg-2026.08,kidney,Distal convoluted tubule cell,UMOD,negative,human;mouse,baseline_or_unspecified,,,,,,,,,,,,
marker_atlas.json,mkg-2026.08,kidney,Podocyte,NPHS1,positive,human;mouse,baseline_or_unspecified,,,,,,,,,,,,
marker_atlas.json,mkg-2026.08,kidney,Podocyte,NPHS2,positive,human;mouse,baseline_or_unspecified,,,,,,,,,,,,
marker_atlas.json,mkg-2026.08,kidney,Podocyte,WT1,positive,human;mouse,baseline_or_unspecified,,,,,,,,,,,,
marker_atlas.json,mkg-2026.08,kidney,Podocyte,SYNPO,positive,human;mouse,baseline_or_unspecified,,,,,,,,,,,,
marker_atlas.json,mkg-2026.08,kidney,Podocyte,PAX2,positive,human;mouse,baseline_or_unspecified,,,,,,,,,,,,
marker_atlas.json,mkg-2026.08,kidney,Podocyte,AQP1,negative,human;mouse,baseline_or_unspecified,,,,,,,,,,,,
marker_atlas.json,mkg-2026.08,kidney,Podocyte,SLC12A1,negative,human;mouse,baseline_or_unspecified,,,,,,,,,,,,
marker_atlas.json,mkg-2026.08,kidney,Podocyte,EPCAM,negative,human;mouse,baseline_or_unspecified,,,,,,,,,,,,
marker_atlas.json,mkg-2026.08,kidney,Collecting duct cell,AQP2,positive,human;mouse,baseline_or_unspecified,,,,,,,,,,,,
marker_atlas.json,mkg-2026.08,kidney,Collecting duct cell,HNF1B,positive,human;mouse,baseline_or_unspecified,,,,,,,,,,,,
marker_atlas.json,mkg-2026.08,kidney,Collecting duct cell,SLC14A2,positive,human;mouse,baseline_or_unspecified,,,,,,,,,,,,
marker_atlas.json,mkg-2026.08,kidney,Collecting duct cell,KRT19,positive,human;mouse,baseline_or_unspecified,,,,,,,,,,,,
marker_atlas.json,mkg-2026.08,kidney,Collecting duct cell,AQP1,negative,human;mouse,baseline_or_unspecified,,,,,,,,,,,,
marker_atlas.json,mkg-2026.08,kidney,Collecting duct cell,SLC12A1,negative,human;mouse,baseline_or_unspecified,,,,,,,,,,,,
marker_atlas.json,mkg-2026.08,kidney,Collecting duct cell,NPHS1,negative,human;mouse,baseline_or_unspecified,,,,,,,,,,,,
marker_atlas.json,mkg-2026.08,gut,Enterocyte,VIL1,positive,human;mouse,baseline_or_unspecified,,,,,,,,,,,,
marker_atlas.json,mkg-2026.08,gut,Enterocyte,SI,positive,human;mouse,baseline_or_unspecified,,,,,,,,,,,,
marker_atlas.json,mkg-2026.08,gut,Enterocyte,FABP1,positive,human;mouse,baseline_or_unspecified,,,,,,,,,,,,
marker_atlas.json,mkg-2026.08,gut,Enterocyte,FABP2,positive,human;mouse,baseline_or_unspecified,,,,,,,,,,,,
marker_atlas.json,mkg-2026.08,gut,Enterocyte,CDX2,positive,human;mouse,baseline_or_unspecified,,,,,,,,,,,,
marker_atlas.json,mkg-2026.08,gut,Enterocyte,APOA4,positive,human;mouse,baseline_or_unspecified,,,,,,,,,,,,
marker_atlas.json,mkg-2026.08,gut,Enterocyte,MUC2,negative,human;mouse,baseline_or_unspecified,,,,,,,,,,,,
marker_atlas.json,mkg-2026.08,gut,Enterocyte,CHGA,negative,human;mouse,baseline_or_unspecified,,,,,,,,,,,,
marker_atlas.json,mkg-2026.08,gut,Enterocyte,TP63,negative,human;mouse,baseline_or_unspecified,,,,,,,,,,,,
marker_atlas.json,mkg-2026.08,gut,Enterocyte,PTPRC,negative,human;mouse,baseline_or_unspecified,,,,,,,,,,,,
marker_atlas.json,mkg-2026.08,gut,Goblet cell (intestinal),MUC2,positive,human;mouse,baseline_or_unspecified,,,,,,,,,,,,
marker_atlas.json,mkg-2026.08,gut,Goblet cell (intestinal),TFF3,positive,human;mouse,baseline_or_unspecified,,,,,,,,,,,,
marker_atlas.json,mkg-2026.08,gut,Goblet cell (intestinal),SPDEF,positive,human;mouse,baseline_or_unspecified,,,,,,,,,,,,
marker_atlas.json,mkg-2026.08,gut,Goblet cell (intestinal),AGR2,positive,human;mouse,baseline_or_unspecified,,,,,,,,,,,,
marker_atlas.json,mkg-2026.08,gut,Goblet cell (intestinal),VIL1,negative,human;mouse,baseline_or_unspecified,,,,,,,,,,,,
marker_atlas.json,mkg-2026.08,gut,Goblet cell (intestinal),SI,negative,human;mouse,baseline_or_unspecified,,,,,,,,,,,,
marker_atlas.json,mkg-2026.08,gut,Goblet cell (intestinal),CHGA,negative,human;mouse,baseline_or_unspecified,,,,,,,,,,,,
marker_atlas.json,mkg-2026.08,gut,Goblet cell (intestinal),TP63,negative,human;mouse,baseline_or_unspecified,,,,,,,,,,,,
marker_atlas.json,mkg-2026.08,gut,Enteroendocrine cell,CHGA,positive,human;mouse,baseline_or_unspecified,,,,,,,,,,,,
marker_atlas.json,mkg-2026.08,gut,Enteroendocrine cell,SYT1,positive,human;mouse,baseline_or_unspecified,,,,,,,,,,,,
marker_atlas.json,mkg-2026.08,gut,Enteroendocrine cell,NEUROD1,positive,human;mouse,baseline_or_unspecified,,,,,,,,,,,,
marker_atlas.json,mkg-2026.08,gut,Enteroendocrine cell,PAX6,positive,human;mouse,baseline_or_unspecified,,,,,,,,,,,,
marker_atlas.json,mkg-2026.08,gut,Enteroendocrine cell,NKX2-2,positive,human;mouse,baseline_or_unspecified,,,,,,,,,,,,
marker_atlas.json,mkg-2026.08,gut,Enteroendocrine cell,VIL1,negative,human;mouse,baseline_or_unspecified,,,,,,,,,,,,
marker_atlas.json,mkg-2026.08,gut,Enteroendocrine cell,MUC2,negative,human;mouse,baseline_or_unspecified,,,,,,,,,,,,
marker_atlas.json,mkg-2026.08,gut,Enteroendocrine cell,TP63,negative,human;mouse,baseline_or_unspecified,,,,,,,,,,,,
marker_atlas.json,mkg-2026.08,gut,Paneth cell,LYZ,positive,human;mouse,baseline_or_unspecified,,,,,,,,,,,,
marker_atlas.json,mkg-2026.08,gut,Paneth cell,DEFA5,positive,human;mouse,baseline_or_unspecified,,,,,,,,,,,,
marker_atlas.json,mkg-2026.08,gut,Paneth cell,DEFA6,positive,human;mouse,baseline_or_unspecified,,,,,,,,,,,,
marker_atlas.json,mkg-2026.08,gut,Paneth cell,MMP7,positive,human;mouse,baseline_or_unspecified,,,,,,,,,,,,
marker_atlas.json,mkg-2026.08,gut,Paneth cell,REG3A,positive,human;mouse,baseline_or_unspecified,,,,,,,,,,,,
marker_atlas.json,mkg-2026.08,gut,Paneth cell,VIL1,negative,human;mouse,baseline_or_unspecified,,,,,,,,,,,,
marker_atlas.json,mkg-2026.08,gut,Paneth cell,MUC2,negative,human;mouse,baseline_or_unspecified,,,,,,,,,,,,
marker_atlas.json,mkg-2026.08,gut,Paneth cell,CHGA,negative,human;mouse,baseline_or_unspecified,,,,,,,,,,,,
marker_atlas.json,mkg-2026.08,gut,Intestinal stem cell,LGR5,positive,human;mouse,baseline_or_unspecified,,,,,,,,,,,,
marker_atlas.json,mkg-2026.08,gut,Intestinal stem cell,ASCL2,positive,human;mouse,baseline_or_unspecified,,,,,,,,,,,,
marker_atlas.json,mkg-2026.08,gut,Intestinal stem cell,OLFM4,positive,human;mouse,baseline_or_unspecified,,,,,,,,,,,,
marker_atlas.json,mkg-2026.08,gut,Intestinal stem cell,SMOC2,positive,human;mouse,baseline_or_unspecified,,,,,,,,,,,,
marker_atlas.json,mkg-2026.08,gut,Intestinal stem cell,VIL1,negative,human;mouse,baseline_or_unspecified,,,,,,,,,,,,
marker_atlas.json,mkg-2026.08,gut,Intestinal stem cell,MUC2,negative,human;mouse,baseline_or_unspecified,,,,,,,,,,,,
marker_atlas.json,mkg-2026.08,gut,Intestinal stem cell,CHGA,negative,human;mouse,baseline_or_unspecified,,,,,,,,,,,,
marker_atlas.json,mkg-2026.08,gut,Intestinal stem cell,LYZ,negative,human;mouse,baseline_or_unspecified,,,,,,,,,,,,
marker_atlas.json,mkg-2026.08,skin,Keratinocyte,KRT14,positive,human;mouse,baseline_or_unspecified,,,,,,,,,,,,
marker_atlas.json,mkg-2026.08,skin,Keratinocyte,KRT5,positive,human;mouse,baseline_or_unspecified,,,,,,,,,,,,
marker_atlas.json,mkg-2026.08,skin,Keratinocyte,TP63,positive,human;mouse,baseline_or_unspecified,,,,,,,,,,,,
marker_atlas.json,mkg-2026.08,skin,Keratinocyte,CDH1,positive,human;mouse,baseline_or_unspecified,,,,,,,,,,,,
marker_atlas.json,mkg-2026.08,skin,Keratinocyte,DSP,positive,human;mouse,baseline_or_unspecified,,,,,,,,,,,,
marker_atlas.json,mkg-2026.08,skin,Keratinocyte,VIM,negative,human;mouse,baseline_or_unspecified,,,,,,,,,,,,
marker_atlas.json,mkg-2026.08,skin,Keratinocyte,PTPRC,negative,human;mouse,baseline_or_unspecified,,,,,,,,,,,,
marker_atlas.json,mkg-2026.08,skin,Keratinocyte,PECAM1,negative,human;mouse,baseline_or_unspecified,,,,,,,,,,,,
marker_atlas.json,mkg-2026.08,skin,Melanocyte,MLANA,positive,human;mouse,baseline_or_unspecified,,,,,,,,,,,,
marker_atlas.json,mkg-2026.08,skin,Melanocyte,TYR,positive,human;mouse,baseline_or_unspecified,,,,,,,,,,,,
marker_atlas.json,mkg-2026.08,skin,Melanocyte,PMEL,positive,human;mouse,baseline_or_unspecified,,,,,,,,,,,,
marker_atlas.json,mkg-2026.08,skin,Melanocyte,DCT,positive,human;mouse,baseline_or_unspecified,,,,,,,,,,,,
marker_atlas.json,mkg-2026.08,skin,Melanocyte,SOX10,positive,human;mouse,baseline_or_unspecified,,,,,,,,,,,,
marker_atlas.json,mkg-2026.08,skin,Melanocyte,KRT14,negative,human;mouse,baseline_or_unspecified,,,,,,,,,,,,
marker_atlas.json,mkg-2026.08,skin,Melanocyte,PTPRC,negative,human;mouse,baseline_or_unspecified,,,,,,,,,,,,
marker_atlas.json,mkg-2026.08,skin,Melanocyte,PECAM1,negative,human;mouse,baseline_or_unspecified,,,,,,,,,,,,
marker_atlas.json,mkg-2026.08,skin,Langerhans cell,CD1A,positive,human;mouse,baseline_or_unspecified,,,,,,,,,,,,
marker_atlas.json,mkg-2026.08,skin,Langerhans cell,CD207,positive,human;mouse,baseline_or_unspecified,,,,,,,,,,,,
marker_atlas.json,mkg-2026.08,skin,Langerhans cell,HLA-DRA,positive,human;mouse,baseline_or_unspecified,,,,,,,,,,,,
marker_atlas.json,mkg-2026.08,skin,Langerhans cell,EPCAM,positive,human;mouse,baseline_or_unspecified,,,,,,,,,,,,
marker_atlas.json,mkg-2026.08,skin,Langerhans cell,ITGAX,positive,human;mouse,baseline_or_unspecified,,,,,,,,,,,,
marker_atlas.json,mkg-2026.08,skin,Langerhans cell,KRT14,negative,human;mouse,baseline_or_unspecified,,,,,,,,,,,,
marker_atlas.json,mkg-2026.08,skin,Langerhans cell,MLANA,negative,human;mouse,baseline_or_unspecified,,,,,,,,,,,,
marker_atlas.json,mkg-2026.08,skin,Langerhans cell,PTPRC,negative,human;mouse,baseline_or_unspecified,,,,,,,,,,,,
marker_atlas.json,mkg-2026.08,skin,Dermal fibroblast,COL1A1,positive,human;mouse,baseline_or_unspecified,,,,,,,,,,,,
marker_atlas.json,mkg-2026.08,skin,Dermal fibroblast,COL3A1,positive,human;mouse,baseline_or_unspecified,,,,,,,,,,,,
marker_atlas.json,mkg-2026.08,skin,Dermal fibroblast,DCN,positive,human;mouse,baseline_or_unspecified,,,,,,,,,,,,
marker_atlas.json,mkg-2026.08,skin,Dermal fibroblast,LUM,positive,human;mouse,baseline_or_unspecified,,,,,,,,,,,,
marker_atlas.json,mkg-2026.08,skin,Dermal fibroblast,FAP,positive,human;mouse,baseline_or_unspecified,,,,,,,,,,,,
marker_atlas.json,mkg-2026.08,skin,Dermal fibroblast,KRT14,negative,human;mouse,baseline_or_unspecified,,,,,,,,,,,,
marker_atlas.json,mkg-2026.08,skin,Dermal fibroblast,PTPRC,negative,human;mouse,baseline_or_unspecified,,,,,,,,,,,,
marker_atlas.json,mkg-2026.08,skin,Dermal fibroblast,PECAM1,negative,human;mouse,baseline_or_unspecified,,,,,,,,,,,,
marker_atlas.json,mkg-2026.08,heart,Cardiomyocyte,TNNT2,positive,human;mouse,baseline_or_unspecified,,,,,,,,,,,,
marker_atlas.json,mkg-2026.08,heart,Cardiomyocyte,TNNI3,positive,human;mouse,baseline_or_unspecified,,,,,,,,,,,,
marker_atlas.json,mkg-2026.08,heart,Cardiomyocyte,MYH7,positive,human;mouse,baseline_or_unspecified,,,,,,,,,,,,
marker_atlas.json,mkg-2026.08,heart,Cardiomyocyte,MYH6,positive,human;mouse,baseline_or_unspecified,,,,,,,,,,,,
marker_atlas.json,mkg-2026.08,heart,Cardiomyocyte,ACTC1,positive,human;mouse,baseline_or_unspecified,,,,,,,,,,,,
marker_atlas.json,mkg-2026.08,heart,Cardiomyocyte,RYR2,positive,human;mouse,baseline_or_unspecified,,,,,,,,,,,,
marker_atlas.json,mkg-2026.08,heart,Cardiomyocyte,PTPRC,negative,human;mouse,baseline_or_unspecified,,,,,,,,,,,,
marker_atlas.json,mkg-2026.08,heart,Cardiomyocyte,PECAM1,negative,human;mouse,baseline_or_unspecified,,,,,,,,,,,,
marker_atlas.json,mkg-2026.08,heart,Cardiomyocyte,PDGFRA,negative,human;mouse,baseline_or_unspecified,,,,,,,,,,,,
marker_atlas.json,mkg-2026.08,heart,Cardiac fibroblast,COL1A1,positive,human;mouse,baseline_or_unspecified,,,,,,,,,,,,
marker_atlas.json,mkg-2026.08,heart,Cardiac fibroblast,COL3A1,positive,human;mouse,baseline_or_unspecified,,,,,,,,,,,,
marker_atlas.json,mkg-2026.08,heart,Cardiac fibroblast,DCN,positive,human;mouse,baseline_or_unspecified,,,,,,,,,,,,
marker_atlas.json,mkg-2026.08,heart,Cardiac fibroblast,LUM,positive,human;mouse,baseline_or_unspecified,,,,,,,,,,,,
marker_atlas.json,mkg-2026.08,heart,Cardiac fibroblast,PDGFRA,positive,human;mouse,baseline_or_unspecified,,,,,,,,,,,,
marker_atlas.json,mkg-2026.08,heart,Cardiac fibroblast,TNNT2,negative,human;mouse,baseline_or_unspecified,,,,,,,,,,,,
marker_atlas.json,mkg-2026.08,heart,Cardiac fibroblast,PTPRC,negative,human;mouse,baseline_or_unspecified,,,,,,,,,,,,
marker_atlas.json,mkg-2026.08,heart,Cardiac fibroblast,PECAM1,negative,human;mouse,baseline_or_unspecified,,,,,,,,,,,,
marker_atlas.json,mkg-2026.08,heart,Cardiac endothelial cell,PECAM1,positive,human;mouse,baseline_or_unspecified,,,,,,,,,,,,
marker_atlas.json,mkg-2026.08,heart,Cardiac endothelial cell,CDH5,positive,human;mouse,baseline_or_unspecified,,,,,,,,,,,,
marker_atlas.json,mkg-2026.08,heart,Cardiac endothelial cell,VWF,positive,human;mouse,baseline_or_unspecified,,,,,,,,,,,,
marker_atlas.json,mkg-2026.08,heart,Cardiac endothelial cell,ERG,positive,human;mouse,baseline_or_unspecified,,,,,,,,,,,,
marker_atlas.json,mkg-2026.08,heart,Cardiac endothelial cell,TNNT2,negative,human;mouse,baseline_or_unspecified,,,,,,,,,,,,
marker_atlas.json,mkg-2026.08,heart,Cardiac endothelial cell,PTPRC,negative,human;mouse,baseline_or_unspecified,,,,,,,,,,,,
marker_atlas.json,mkg-2026.08,heart,Cardiac endothelial cell,PDGFRA,negative,human;mouse,baseline_or_unspecified,,,,,,,,,,,,
marker_atlas.json,mkg-2026.08,heart,Cardiac smooth muscle cell,ACTA2,positive,human;mouse,baseline_or_unspecified,,,,,,,,,,,,
marker_atlas.json,mkg-2026.08,heart,Cardiac smooth muscle cell,TAGLN,positive,human;mouse,baseline_or_unspecified,,,,,,,,,,,,
marker_atlas.json,mkg-2026.08,heart,Cardiac smooth muscle cell,MYH11,positive,human;mouse,baseline_or_unspecified,,,,,,,,,,,,
marker_atlas.json,mkg-2026.08,heart,Cardiac smooth muscle cell,CNN1,positive,human;mouse,baseline_or_unspecified,,,,,,,,,,,,
marker_atlas.json,mkg-2026.08,heart,Cardiac smooth muscle cell,TNNT2,negative,human;mouse,baseline_or_unspecified,,,,,,,,,,,,
marker_atlas.json,mkg-2026.08,heart,Cardiac smooth muscle cell,PTPRC,negative,human;mouse,baseline_or_unspecified,,,,,,,,,,,,
marker_atlas.json,mkg-2026.08,heart,Cardiac smooth muscle cell,PECAM1,negative,human;mouse,baseline_or_unspecified,,,,,,,,,,,,
marker_atlas.json,mkg-2026.08,pancreas,Alpha cell,GCG,positive,human;mouse,baseline_or_unspecified,,,,,,,,,,,,
marker_atlas.json,mkg-2026.08,pancreas,Alpha cell,ARX,positive,human;mouse,baseline_or_unspecified,,,,,,,,,,,,
marker_atlas.json,mkg-2026.08,pancreas,Alpha cell,MAFB,positive,human;mouse,baseline_or_unspecified,,,,,,,,,,,,
marker_atlas.json,mkg-2026.08,pancreas,Alpha cell,SLC38A4,positive,human;mouse,baseline_or_unspecified,,,,,,,,,,,,
marker_atlas.json,mkg-2026.08,pancreas,Alpha cell,INS,negative,human;mouse,baseline_or_unspecified,,,,,,,,,,,,
marker_atlas.json,mkg-2026.08,pancreas,Alpha cell,PDX1,negative,human;mouse,baseline_or_unspecified,,,,,,,,,,,,
marker_atlas.json,mkg-2026.08,pancreas,Alpha cell,SST,negative,human;mouse,baseline_or_unspecified,,,,,,,,,,,,
marker_atlas.json,mkg-2026.08,pancreas,Beta cell,INS,positive,human;mouse,baseline_or_unspecified,,,,,,,,,,,,
marker_atlas.json,mkg-2026.08,pancreas,Beta cell,PDX1,positive,human;mouse,baseline_or_unspecified,,,,,,,,,,,,
marker_atlas.json,mkg-2026.08,pancreas,Beta cell,NKX6-1,positive,human;mouse,baseline_or_unspecified,,,,,,,,,,,,
marker_atlas.json,mkg-2026.08,pancreas,Beta cell,MAFA,positive,human;mouse,baseline_or_unspecified,,,,,,,,,,,,
marker_atlas.json,mkg-2026.08,pancreas,Beta cell,SLC2A2,positive,human;mouse,baseline_or_unspecified,,,,,,,,,,,,
marker_atlas.json,mkg-2026.08,pancreas,Beta cell,GCG,negative,human;mouse,baseline_or_unspecified,,,,,,,,,,,,
marker_atlas.json,mkg-2026.08,pancreas,Beta cell,SST,negative,human;mouse,baseline_or_unspecified,,,,,,,,,,,,
marker_atlas.json,mkg-2026.08,pancreas,Beta cell,PPY,negative,human;mouse,baseline_or_unspecified,,,,,,,,,,,,
marker_atlas.json,mkg-2026.08,pancreas,Delta cell,SST,positive,human;mouse,baseline_or_unspecified,,,,,,,,,,,,
marker_atlas.json,mkg-2026.08,pancreas,Delta cell,MAFB,positive,human;mouse,baseline_or_unspecified,,,,,,,,,,,,
marker_atlas.json,mkg-2026.08,pancreas,Delta cell,HHEX,positive,human;mouse,baseline_or_unspecified,,,,,,,,,,,,
marker_atlas.json,mkg-2026.08,pancreas,Delta cell,DLK1,positive,human;mouse,baseline_or_unspecified,,,,,,,,,,,,
marker_atlas.json,mkg-2026.08,pancreas,Delta cell,INS,negative,human;mouse,baseline_or_unspecified,,,,,,,,,,,,
marker_atlas.json,mkg-2026.08,pancreas,Delta cell,GCG,negative,human;mouse,baseline_or_unspecified,,,,,,,,,,,,
marker_atlas.json,mkg-2026.08,pancreas,Delta cell,PPY,negative,human;mouse,baseline_or_unspecified,,,,,,,,,,,,
marker_atlas.json,mkg-2026.08,pancreas,Ductal cell,KRT19,positive,human;mouse,baseline_or_unspecified,,,,,,,,,,,,
marker_atlas.json,mkg-2026.08,pancreas,Ductal cell,CFTR,positive,human;mouse,baseline_or_unspecified,,,,,,,,,,,,
marker_atlas.json,mkg-2026.08,pancreas,Ductal cell,CA2,positive,human;mouse,baseline_or_unspecified,,,,,,,,,,,,
marker_atlas.json,mkg-2026.08,pancreas,Ductal cell,MUC1,positive,human;mouse,baseline_or_unspecified,,,,,,,,,,,,
marker_atlas.json,mkg-2026.08,pancreas,Ductal cell,INS,negative,human;mouse,baseline_or_unspecified,,,,,,,,,,,,
marker_atlas.json,mkg-2026.08,pancreas,Ductal cell,GCG,negative,human;mouse,baseline_or_unspecified,,,,,,,,,,,,
marker_atlas.json,mkg-2026.08,pancreas,Ductal cell,SST,negative,human;mouse,baseline_or_unspecified,,,,,,,,,,,,
marker_atlas.json,mkg-2026.08,pancreas,Acinar cell,PRSS1,positive,human;mouse,baseline_or_unspecified,,,,,,,,,,,,
marker_atlas.json,mkg-2026.08,pancreas,Acinar cell,PRSS2,positive,human;mouse,baseline_or_unspecified,,,,,,,,,,,,
marker_atlas.json,mkg-2026.08,pancreas,Acinar cell,CPA1,positive,human;mouse,baseline_or_unspecified,,,,,,,,,,,,
marker_atlas.json,mkg-2026.08,pancreas,Acinar cell,CELA3A,positive,human;mouse,baseline_or_unspecified,,,,,,,,,,,,
marker_atlas.json,mkg-2026.08,pancreas,Acinar cell,AMY2A,positive,human;mouse,baseline_or_unspecified,,,,,,,,,,,,
marker_atlas.json,mkg-2026.08,pancreas,Acinar cell,INS,negative,human;mouse,baseline_or_unspecified,,,,,,,,,,,,
marker_atlas.json,mkg-2026.08,pancreas,Acinar cell,GCG,negative,human;mouse,baseline_or_unspecified,,,,,,,,,,,,
marker_atlas.json,mkg-2026.08,pancreas,Acinar cell,KRT19,negative,human;mouse,baseline_or_unspecified,,,,,,,,,,,,
marker_atlas.json,mkg-2026.08,muscle,Myofiber,MYH1,positive,human;mouse,baseline_or_unspecified,,,,,,,,,,,,
marker_atlas.json,mkg-2026.08,muscle,Myofiber,MYH2,positive,human;mouse,baseline_or_unspecified,,,,,,,,,,,,
marker_atlas.json,mkg-2026.08,muscle,Myofiber,MYH4,positive,human;mouse,baseline_or_unspecified,,,,,,,,,,,,
marker_atlas.json,mkg-2026.08,muscle,Myofiber,ACTA1,positive,human;mouse,baseline_or_unspecified,,,,,,,,,,,,
marker_atlas.json,mkg-2026.08,muscle,Myofiber,TNNT3,positive,human;mouse,baseline_or_unspecified,,,,,,,,,,,,
marker_atlas.json,mkg-2026.08,muscle,Myofiber,PTPRC,negative,human;mouse,baseline_or_unspecified,,,,,,,,,,,,
marker_atlas.json,mkg-2026.08,muscle,Myofiber,PECAM1,negative,human;mouse,baseline_or_unspecified,,,,,,,,,,,,
marker_atlas.json,mkg-2026.08,muscle,Myofiber,PDGFRA,negative,human;mouse,baseline_or_unspecified,,,,,,,,,,,,
marker_atlas.json,mkg-2026.08,muscle,Satellite cell,PAX7,positive,human;mouse,baseline_or_unspecified,,,,,,,,,,,,
marker_atlas.json,mkg-2026.08,muscle,Satellite cell,MYF5,positive,human;mouse,baseline_or_unspecified,,,,,,,,,,,,
marker_atlas.json,mkg-2026.08,muscle,Satellite cell,CDH11,positive,human;mouse,baseline_or_unspecified,,,,,,,,,,,,
marker_atlas.json,mkg-2026.08,muscle,Satellite cell,MYH1,negative,human;mouse,baseline_or_unspecified,,,,,,,,,,,,
marker_atlas.json,mkg-2026.08,muscle,Satellite cell,MYH2,negative,human;mouse,baseline_or_unspecified,,,,,,,,,,,,
marker_atlas.json,mkg-2026.08,muscle,Satellite cell,PTPRC,negative,human;mouse,baseline_or_unspecified,,,,,,,,,,,,
marker_atlas.json,mkg-2026.08,muscle,Fibro-adipogenic progenitor,PDGFRA,positive,human;mouse,baseline_or_unspecified,,,,,,,,,,,,
marker_atlas.json,mkg-2026.08,muscle,Fibro-adipogenic progenitor,DCN,positive,human;mouse,baseline_or_unspecified,,,,,,,,,,,,
marker_atlas.json,mkg-2026.08,muscle,Fibro-adipogenic progenitor,LUM,positive,human;mouse,baseline_or_unspecified,,,,,,,,,,,,
marker_atlas.json,mkg-2026.08,muscle,Fibro-adipogenic progenitor,COL1A1,positive,human;mouse,baseline_or_unspecified,,,,,,,,,,,,
marker_atlas.json,mkg-2026.08,muscle,Fibro-adipogenic progenitor,MYH1,negative,human;mouse,baseline_or_unspecified,,,,,,,,,,,,
marker_atlas.json,mkg-2026.08,muscle,Fibro-adipogenic progenitor,PAX7,negative,human;mouse,baseline_or_unspecified,,,,,,,,,,,,
marker_atlas.json,mkg-2026.08,muscle,Fibro-adipogenic progenitor,PTPRC,negative,human;mouse,baseline_or_unspecified,,,,,,,,,,,,
marker_atlas.json,mkg-2026.08,general,Endothelial cell,PECAM1,positive,human;mouse,baseline_or_unspecified,,,,,,,,,,,,
marker_atlas.json,mkg-2026.08,general,Endothelial cell,CDH5,positive,human;mouse,baseline_or_unspecified,,,,,,,,,,,,
marker_atlas.json,mkg-2026.08,general,Endothelial cell,VWF,positive,human;mouse,baseline_or_unspecified,,,,,,,,,,,,
marker_atlas.json,mkg-2026.08,general,Endothelial cell,ERG,positive,human;mouse,baseline_or_unspecified,,,,,,,,,,,,
marker_atlas.json,mkg-2026.08,general,Endothelial cell,FLT1,positive,human;mouse,baseline_or_unspecified,,,,,,,,,,,,
marker_atlas.json,mkg-2026.08,general,Endothelial cell,PTPRC,negative,human;mouse,baseline_or_unspecified,,,,,,,,,,,,
marker_atlas.json,mkg-2026.08,general,Endothelial cell,EPCAM,negative,human;mouse,baseline_or_unspecified,,,,,,,,,,,,
marker_atlas.json,mkg-2026.08,general,Endothelial cell,PDGFRA,negative,human;mouse,baseline_or_unspecified,,,,,,,,,,,,
marker_atlas.json,mkg-2026.08,general,Pericyte,RGS5,positive,human;mouse,baseline_or_unspecified,,,,,,,,,,,,
marker_atlas.json,mkg-2026.08,general,Pericyte,PDGFRB,positive,human;mouse,baseline_or_unspecified,,,,,,,,,,,,
marker_atlas.json,mkg-2026.08,general,Pericyte,DES,positive,human;mouse,baseline_or_unspecified,,,,,,,,,,,,
marker_atlas.json,mkg-2026.08,general,Pericyte,CSPG4,positive,human;mouse,baseline_or_unspecified,,,,,,,,,,,,
marker_atlas.json,mkg-2026.08,general,Pericyte,ACTA2,positive,human;mouse,baseline_or_unspecified,,,,,,,,,,,,
marker_atlas.json,mkg-2026.08,general,Pericyte,PECAM1,negative,human;mouse,baseline_or_unspecified,,,,,,,,,,,,
marker_atlas.json,mkg-2026.08,general,Pericyte,PTPRC,negative,human;mouse,baseline_or_unspecified,,,,,,,,,,,,
marker_atlas.json,mkg-2026.08,general,Pericyte,EPCAM,negative,human;mouse,baseline_or_unspecified,,,,,,,,,,,,
marker_atlas.json,mkg-2026.08,general,Fibroblast,COL1A1,positive,human;mouse,baseline_or_unspecified,,,,,,,,,,,,
marker_atlas.json,mkg-2026.08,general,Fibroblast,COL1A2,positive,human;mouse,baseline_or_unspecified,,,,,,,,,,,,
marker_atlas.json,mkg-2026.08,general,Fibroblast,DCN,positive,human;mouse,baseline_or_unspecified,,,,,,,,,,,,
marker_atlas.json,mkg-2026.08,general,Fibroblast,LUM,positive,human;mouse,baseline_or_unspecified,,,,,,,,,,,,
marker_atlas.json,mkg-2026.08,general,Fibroblast,FAP,positive,human;mouse,baseline_or_unspecified,,,,,,,,,,,,
marker_atlas.json,mkg-2026.08,general,Fibroblast,PDGFRA,positive,human;mouse,baseline_or_unspecified,,,,,,,,,,,,
marker_atlas.json,mkg-2026.08,general,Fibroblast,PTPRC,negative,human;mouse,baseline_or_unspecified,,,,,,,,,,,,
marker_atlas.json,mkg-2026.08,general,Fibroblast,PECAM1,negative,human;mouse,baseline_or_unspecified,,,,,,,,,,,,
marker_atlas.json,mkg-2026.08,general,Fibroblast,EPCAM,negative,human;mouse,baseline_or_unspecified,,,,,,,,,,,,
marker_atlas.json,mkg-2026.08,general,Macrophage,CD68,positive,human;mouse,baseline_or_unspecified,,,,,,,,,,,,
marker_atlas.json,mkg-2026.08,general,Macrophage,CD163,positive,human;mouse,baseline_or_unspecified,,,,,,,,,,,,
marker_atlas.json,mkg-2026.08,general,Macrophage,MRC1,positive,human;mouse,baseline_or_unspecified,,,,,,,,,,,,
marker_atlas.json,mkg-2026.08,general,Macrophage,LYZ,positive,human;mouse,baseline_or_unspecified,,,,,,,,,,,,
marker_atlas.json,mkg-2026.08,general,Macrophage,C1QA,positive,human;mouse,baseline_or_unspecified,,,,,,,,,,,,
marker_atlas.json,mkg-2026.08,general,Macrophage,C1QB,positive,human;mouse,baseline_or_unspecified,,,,,,,,,,,,
marker_atlas.json,mkg-2026.08,general,Macrophage,CD3D,negative,human;mouse,baseline_or_unspecified,,,,,,,,,,,,
marker_atlas.json,mkg-2026.08,general,Macrophage,CD19,negative,human;mouse,baseline_or_unspecified,,,,,,,,,,,,
marker_atlas.json,mkg-2026.08,general,Macrophage,PECAM1,negative,human;mouse,baseline_or_unspecified,,,,,,,,,,,,
marker_atlas.json,mkg-2026.08,general,Macrophage,EPCAM,negative,human;mouse,baseline_or_unspecified,,,,,,,,,,,,
marker_atlas.json,mkg-2026.08,general,Mast cell,KIT,positive,human;mouse,baseline_or_unspecified,,,,,,,,,,,,
marker_atlas.json,mkg-2026.08,general,Mast cell,TPSAB1,positive,human;mouse,baseline_or_unspecified,,,,,,,,,,,,
marker_atlas.json,mkg-2026.08,general,Mast cell,TPSB2,positive,human;mouse,baseline_or_unspecified,,,,,,,,,,,,
marker_atlas.json,mkg-2026.08,general,Mast cell,CPA3,positive,human;mouse,baseline_or_unspecified,,,,,,,,,,,,
marker_atlas.json,mkg-2026.08,general,Mast cell,MS4A2,positive,human;mouse,baseline_or_unspecified,,,,,,,,,,,,
marker_atlas.json,mkg-2026.08,general,Mast cell,CD3D,negative,human;mouse,baseline_or_unspecified,,,,,,,,,,,,
marker_atlas.json,mkg-2026.08,general,Mast cell,CD19,negative,human;mouse,baseline_or_unspecified,,,,,,,,,,,,
marker_atlas.json,mkg-2026.08,general,Mast cell,CD14,negative,human;mouse,baseline_or_unspecified,,,,,,,,,,,,
marker_atlas.json,mkg-2026.08,general,Epithelial cell,EPCAM,positive,human;mouse,baseline_or_unspecified,,,,,,,,,,,,
marker_atlas.json,mkg-2026.08,general,Epithelial cell,CDH1,positive,human;mouse,baseline_or_unspecified,,,,,,,,,,,,
marker_atlas.json,mkg-2026.08,general,Epithelial cell,KRT18,positive,human;mouse,baseline_or_unspecified,,,,,,,,,,,,
marker_atlas.json,mkg-2026.08,general,Epithelial cell,KRT19,positive,human;mouse,baseline_or_unspecified,,,,,,,,,,,,
marker_atlas.json,mkg-2026.08,general,Epithelial cell,ENC1,positive,human;mouse,baseline_or_unspecified,,,,,,,,,,,,
marker_atlas.json,mkg-2026.08,general,Epithelial cell,PTPRC,negative,human;mouse,baseline_or_unspecified,,,,,,,,,,,,
marker_atlas.json,mkg-2026.08,general,Epithelial cell,PECAM1,negative,human;mouse,baseline_or_unspecified,,,,,,,,,,,,
marker_atlas.json,mkg-2026.08,general,Epithelial cell,PDGFRA,negative,human;mouse,baseline_or_unspecified,,,,,,,,,,,,
premium_atlas.json,premium-atlas-2026.08,tumor_microenvironment,cancer_associated_fibroblast,ACTA2,positive,human;mouse,tumor,,,,,,,,,,,,
premium_atlas.json,premium-atlas-2026.08,tumor_microenvironment,cancer_associated_fibroblast,FAP,positive,human;mouse,tumor,,,,,,,,,,,,
premium_atlas.json,premium-atlas-2026.08,tumor_microenvironment,cancer_associated_fibroblast,PDGFRA,positive,human;mouse,tumor,,,,,,,,,,,,
premium_atlas.json,premium-atlas-2026.08,tumor_microenvironment,cancer_associated_fibroblast,THY1,positive,human;mouse,tumor,,,,,,,,,,,,
premium_atlas.json,premium-atlas-2026.08,tumor_microenvironment,cancer_associated_fibroblast,FNB1,positive,human;mouse,tumor,,,,,,,,,,,,
premium_atlas.json,premium-atlas-2026.08,tumor_microenvironment,cancer_associated_fibroblast,PECAM1,negative,human;mouse,tumor,,,,,,,,,,,,
premium_atlas.json,premium-atlas-2026.08,tumor_microenvironment,cancer_associated_fibroblast,PTPRC,negative,human;mouse,tumor,,,,,,,,,,,,
premium_atlas.json,premium-atlas-2026.08,tumor_microenvironment,tumor_associated_macrophage_M1,CD68,positive,human;mouse,tumor,,,,,,,,,,,,
premium_atlas.json,premium-atlas-2026.08,tumor_microenvironment,tumor_associated_macrophage_M1,NOS2,positive,human;mouse,tumor,,,,,,,,,,,,
premium_atlas.json,premium-atlas-2026.08,tumor_microenvironment,tumor_associated_macrophage_M1,IL1B,positive,human;mouse,tumor,,,,,,,,,,,,
premium_atlas.json,premium-atlas-2026.08,tumor_microenvironment,tumor_associated_macrophage_M1,TNF,positive,human;mouse,tumor,,,,,,,,,,,,
premium_atlas.json,premium-atlas-2026.08,tumor_microenvironment,tumor_associated_macrophage_M1,CXCL10,positive,human;mouse,tumor,,,,,,,,,,,,
premium_atlas.json,premium-atlas-2026.08,tumor_microenvironment,tumor_associated_macrophage_M1,CD163,negative,human;mouse,tumor,,,,,,,,,,,,
premium_atlas.json,premium-atlas-2026.08,tumor_microenvironment,tumor_associated_macrophage_M1,MRC1,negative,human;mouse,tumor,,,,,,,,,,,,
premium_atlas.json,premium-atlas-2026.08,tumor_microenvironment,tumor_associated_macrophage_M2,CD68,positive,human;mouse,tumor,,,,,,,,,,,,
premium_atlas.json,premium-atlas-2026.08,tumor_microenvironment,tumor_associated_macrophage_M2,CD163,positive,human;mouse,tumor,,,,,,,,,,,,
premium_atlas.json,premium-atlas-2026.08,tumor_microenvironment,tumor_associated_macrophage_M2,MRC1,positive,human;mouse,tumor,,,,,,,,,,,,
premium_atlas.json,premium-atlas-2026.08,tumor_microenvironment,tumor_associated_macrophage_M2,IL10,positive,human;mouse,tumor,,,,,,,,,,,,
premium_atlas.json,premium-atlas-2026.08,tumor_microenvironment,tumor_associated_macrophage_M2,TGFB1,positive,human;mouse,tumor,,,,,,,,,,,,
premium_atlas.json,premium-atlas-2026.08,tumor_microenvironment,tumor_associated_macrophage_M2,VEGFA,positive,human;mouse,tumor,,,,,,,,,,,,
premium_atlas.json,premium-atlas-2026.08,tumor_microenvironment,tumor_associated_macrophage_M2,NOS2,negative,human;mouse,tumor,,,,,,,,,,,,
premium_atlas.json,premium-atlas-2026.08,tumor_microenvironment,tumor_associated_macrophage_M2,IL1B,negative,human;mouse,tumor,,,,,,,,,,,,
premium_atlas.json,premium-atlas-2026.08,tumor_microenvironment,regulatory_T_cell_tumor,FOXP3,positive,human;mouse,tumor,,,,,,,,,,,,
premium_atlas.json,premium-atlas-2026.08,tumor_microenvironment,regulatory_T_cell_tumor,IL2RA,positive,human;mouse,tumor,,,,,,,,,,,,
premium_atlas.json,premium-atlas-2026.08,tumor_microenvironment,regulatory_T_cell_tumor,CTLA4,positive,human;mouse,tumor,,,,,,,,,,,,
premium_atlas.json,premium-atlas-2026.08,tumor_microenvironment,regulatory_T_cell_tumor,IKZF2,positive,human;mouse,tumor,,,,,,,,,,,,
premium_atlas.json,premium-atlas-2026.08,tumor_microenvironment,regulatory_T_cell_tumor,TIGIT,positive,human;mouse,tumor,,,,,,,,,,,,
premium_atlas.json,premium-atlas-2026.08,tumor_microenvironment,regulatory_T_cell_tumor,IL7R,negative,human;mouse,tumor,,,,,,,,,,,,
premium_atlas.json,premium-atlas-2026.08,tumor_microenvironment,regulatory_T_cell_tumor,SELL,negative,human;mouse,tumor,,,,,,,,,,,,
premium_atlas.json,premium-atlas-2026.08,tumor_microenvironment,myeloid_derived_suppressor_cell,S100A8,positive,human;mouse,tumor,,,,,,,,,,,,
premium_atlas.json,premium-atlas-2026.08,tumor_microenvironment,myeloid_derived_suppressor_cell,S100A9,positive,human;mouse,tumor,,,,,,,,,,,,
premium_atlas.json,premium-atlas-2026.08,tumor_microenvironment,myeloid_derived_suppressor_cell,ARG1,positive,human;mouse,tumor,,,,,,,,,,,,
premium_atlas.json,premium-atlas-2026.08,tumor_microenvironment,myeloid_derived_suppressor_cell,NOS2,positive,human;mouse,tumor,,,,,,,,,,,,
premium_atlas.json,premium-atlas-2026.08,tumor_microenvironment,myeloid_derived_suppressor_cell,IL4I1,positive,human;mouse,tumor,,,,,,,,,,,,
premium_atlas.json,premium-atlas-2026.08,tumor_microenvironment,myeloid_derived_suppressor_cell,CD3E,negative,human;mouse,tumor,,,,,,,,,,,,
premium_atlas.json,premium-atlas-2026.08,tumor_microenvironment,myeloid_derived_suppressor_cell,CD19,negative,human;mouse,tumor,,,,,,,,,,,,
premium_atlas.json,premium-atlas-2026.08,tumor_microenvironment,myeloid_derived_suppressor_cell,NKGN7,negative,human;mouse,tumor,,,,,,,,,,,,
premium_atlas.json,premium-atlas-2026.08,tumor_microenvironment,exhausted_T_cell,PDCD1,positive,human;mouse,tumor,,,,,,,,,,,,
premium_atlas.json,premium-atlas-2026.08,tumor_microenvironment,exhausted_T_cell,HAVCR2,positive,human;mouse,tumor,,,,,,,,,,,,
premium_atlas.json,premium-atlas-2026.08,tumor_microenvironment,exhausted_T_cell,LAG3,positive,human;mouse,tumor,,,,,,,,,,,,
premium_atlas.json,premium-atlas-2026.08,tumor_microenvironment,exhausted_T_cell,TOX,positive,human;mouse,tumor,,,,,,,,,,,,
premium_atlas.json,premium-atlas-2026.08,tumor_microenvironment,exhausted_T_cell,TCF7,positive,human;mouse,tumor,,,,,,,,,,,,
premium_atlas.json,premium-atlas-2026.08,tumor_microenvironment,exhausted_T_cell,IL7R,negative,human;mouse,tumor,,,,,,,,,,,,
premium_atlas.json,premium-atlas-2026.08,tumor_microenvironment,exhausted_T_cell,SELL,negative,human;mouse,tumor,,,,,,,,,,,,
premium_atlas.json,premium-atlas-2026.08,tumor_microenvironment,exhausted_T_cell,TCF7,negative,human;mouse,tumor,,,,,,,,,,,,
premium_atlas.json,premium-atlas-2026.08,developing_brain,radial_glia,SOX2,positive,human;mouse,developmental,,,,,,,,,,,,
premium_atlas.json,premium-atlas-2026.08,developing_brain,radial_glia,PAX6,positive,human;mouse,developmental,,,,,,,,,,,,
premium_atlas.json,premium-atlas-2026.08,developing_brain,radial_glia,HES1,positive,human;mouse,developmental,,,,,,,,,,,,
premium_atlas.json,premium-atlas-2026.08,developing_brain,radial_glia,VIM,positive,human;mouse,developmental,,,,,,,,,,,,
premium_atlas.json,premium-atlas-2026.08,developing_brain,radial_glia,NOTCH1,positive,human;mouse,developmental,,,,,,,,,,,,
premium_atlas.json,premium-atlas-2026.08,developing_brain,radial_glia,NEUROD1,negative,human;mouse,developmental,,,,,,,,,,,,
premium_atlas.json,premium-atlas-2026.08,developing_brain,radial_glia,DCX,negative,human;mouse,developmental,,,,,,,,,,,,
premium_atlas.json,premium-atlas-2026.08,developing_brain,radial_glia,MAP2,negative,human;mouse,developmental,,,,,,,,,,,,
premium_atlas.json,premium-atlas-2026.08,developing_brain,intermediate_progenitor,TBR2,positive,human;mouse,developmental,,,,,,,,,,,,
premium_atlas.json,premium-atlas-2026.08,developing_brain,intermediate_progenitor,EOMES,positive,human;mouse,developmental,,,,,,,,,,,,
premium_atlas.json,premium-atlas-2026.08,developing_brain,intermediate_progenitor,SOX2,positive,human;mouse,developmental,,,,,,,,,,,,
premium_atlas.json,premium-atlas-2026.08,developing_brain,intermediate_progenitor,HES6,positive,human;mouse,developmental,,,,,,,,,,,,
premium_atlas.json,premium-atlas-2026.08,developing_brain,intermediate_progenitor,PAX6,negative,human;mouse,developmental,,,,,,,,,,,,
premium_atlas.json,premium-atlas-2026.08,developing_brain,intermediate_progenitor,NEUROD1,negative,human;mouse,developmental,,,,,,,,,,,,
premium_atlas.json,premium-atlas-2026.08,developing_brain,intermediate_progenitor,DCX,negative,human;mouse,developmental,,,,,,,,,,,,
premium_atlas.json,premium-atlas-2026.08,developing_brain,migrating_neuroblast,DCX,positive,human;mouse,developmental,,,,,,,,,,,,
premium_atlas.json,premium-atlas-2026.08,developing_brain,migrating_neuroblast,TUBB3,positive,human;mouse,developmental,,,,,,,,,,,,
premium_atlas.json,premium-atlas-2026.08,developing_brain,migrating_neuroblast,STMN2,positive,human;mouse,developmental,,,,,,,,,,,,
premium_atlas.json,premium-atlas-2026.08,developing_brain,migrating_neuroblast,CRMP1,positive,human;mouse,developmental,,,,,,,,,,,,
premium_atlas.json,premium-atlas-2026.08,developing_brain,migrating_neuroblast,MAP2,negative,human;mouse,developmental,,,,,,,,,,,,
premium_atlas.json,premium-atlas-2026.08,developing_brain,migrating_neuroblast,SYN1,negative,human;mouse,developmental,,,,,,,,,,,,
premium_atlas.json,premium-atlas-2026.08,developing_brain,migrating_neuroblast,NEFL,negative,human;mouse,developmental,,,,,,,,,,,,
premium_atlas.json,premium-atlas-2026.08,developing_brain,microglia_developing,CX3CR1,positive,human;mouse,developmental,,,,,,,,,,,,
premium_atlas.json,premium-atlas-2026.08,developing_brain,microglia_developing,TMEM119,positive,human;mouse,developmental,,,,,,,,,,,,
premium_atlas.json,premium-atlas-2026.08,developing_brain,microglia_developing,P2RY12,positive,human;mouse,developmental,,,,,,,,,,,,
premium_atlas.json,premium-atlas-2026.08,developing_brain,microglia_developing,CSF1R,positive,human;mouse,developmental,,,,,,,,,,,,
premium_atlas.json,premium-atlas-2026.08,developing_brain,microglia_developing,APOE,positive,human;mouse,developmental,,,,,,,,,,,,
premium_atlas.json,premium-atlas-2026.08,developing_brain,microglia_developing,CD3E,negative,human;mouse,developmental,,,,,,,,,,,,
premium_atlas.json,premium-atlas-2026.08,developing_brain,microglia_developing,CD19,negative,human;mouse,developmental,,,,,,,,,,,,
premium_atlas.json,premium-atlas-2026.08,developing_brain,microglia_developing,OLIG2,negative,human;mouse,developmental,,,,,,,,,,,,
premium_atlas.json,premium-atlas-2026.08,inflamed_tissue,inflammatory_macrophage,CD68,positive,human;mouse,inflamed,,,,,,,,,,,,
premium_atlas.json,premium-atlas-2026.08,inflamed_tissue,inflammatory_macrophage,IL1B,positive,human;mouse,inflamed,,,,,,,,,,,,
premium_atlas.json,premium-atlas-2026.08,inflamed_tissue,inflammatory_macrophage,TNF,positive,human;mouse,inflamed,,,,,,,,,,,,
premium_atlas.json,premium-atlas-2026.08,inflamed_tissue,inflammatory_macrophage,IL6,positive,human;mouse,inflamed,,,,,,,,,,,,
premium_atlas.json,premium-atlas-2026.08,inflamed_tissue,inflammatory_macrophage,CCL2,positive,human;mouse,inflamed,,,,,,,,,,,,
premium_atlas.json,premium-atlas-2026.08,inflamed_tissue,inflammatory_macrophage,CXCL8,positive,human;mouse,inflamed,,,,,,,,,,,,
premium_atlas.json,premium-atlas-2026.08,inflamed_tissue,inflammatory_macrophage,CD163,negative,human;mouse,inflamed,,,,,,,,,,,,
premium_atlas.json,premium-atlas-2026.08,inflamed_tissue,inflammatory_macrophage,MRC1,negative,human;mouse,inflamed,,,,,,,,,,,,
premium_atlas.json,premium-atlas-2026.08,inflamed_tissue,inflammatory_macrophage,IL10,negative,human;mouse,inflamed,,,,,,,,,,,,
premium_atlas.json,premium-atlas-2026.08,inflamed_tissue,plasma_cell_inflamed,CD38,positive,human;mouse,inflamed,,,,,,,,,,,,
premium_atlas.json,premium-atlas-2026.08,inflamed_tissue,plasma_cell_inflamed,MZB1,positive,human;mouse,inflamed,,,,,,,,,,,,
premium_atlas.json,premium-atlas-2026.08,inflamed_tissue,plasma_cell_inflamed,JCHAIN,positive,human;mouse,inflamed,,,,,,,,,,,,
premium_atlas.json,premium-atlas-2026.08,inflamed_tissue,plasma_cell_inflamed,IGLL5,positive,human;mouse,inflamed,,,,,,,,,,,,
premium_atlas.json,premium-atlas-2026.08,inflamed_tissue,plasma_cell_inflamed,SDC1,positive,human;mouse,inflamed,,,,,,,,,,,,
premium_atlas.json,premium-atlas-2026.08,inflamed_tissue,plasma_cell_inflamed,CD19,negative,human;mouse,inflamed,,,,,,,,,,,,
premium_atlas.json,premium-atlas-2026.08,inflamed_tissue,plasma_cell_inflamed,MS4A1,negative,human;mouse,inflamed,,,,,,,,,,,,
premium_atlas.json,premium-atlas-2026.08,inflamed_tissue,plasma_cell_inflamed,CD27,negative,human;mouse,inflamed,,,,,,,,,,,,
premium_atlas.json,premium-atlas-2026.08,inflamed_tissue,activated_fibroblast,ACTA2,positive,human;mouse,inflamed,,,,,,,,,,,,
premium_atlas.json,premium-atlas-2026.08,inflamed_tissue,activated_fibroblast,COL1A1,positive,human;mouse,inflamed,,,,,,,,,,,,
premium_atlas.json,premium-atlas-2026.08,inflamed_tissue,activated_fibroblast,COL3A1,positive,human;mouse,inflamed,,,,,,,,,,,,
premium_atlas.json,premium-atlas-2026.08,inflamed_tissue,activated_fibroblast,FN1,positive,human;mouse,inflamed,,,,,,,,,,,,
premium_atlas.json,premium-atlas-2026.08,inflamed_tissue,activated_fibroblast,MMP2,positive,human;mouse,inflamed,,,,,,,,,,,,
premium_atlas.json,premium-atlas-2026.08,inflamed_tissue,activated_fibroblast,PECAM1,negative,human;mouse,inflamed,,,,,,,,,,,,
premium_atlas.json,premium-atlas-2026.08,inflamed_tissue,activated_fibroblast,PTPRC,negative,human;mouse,inflamed,,,,,,,,,,,,
premium_atlas.json,premium-atlas-2026.08,immune_activation,activated_CD4_T_cell,CD3E,positive,human;mouse,activated,,,,,,,,,,,,
premium_atlas.json,premium-atlas-2026.08,immune_activation,activated_CD4_T_cell,CD4,positive,human;mouse,activated,,,,,,,,,,,,
premium_atlas.json,premium-atlas-2026.08,immune_activation,activated_CD4_T_cell,IL2RA,positive,human;mouse,activated,,,,,,,,,,,,
premium_atlas.json,premium-atlas-2026.08,immune_activation,activated_CD4_T_cell,CD69,positive,human;mouse,activated,,,,,,,,,,,,
premium_atlas.json,premium-atlas-2026.08,immune_activation,activated_CD4_T_cell,CD40LG,positive,human;mouse,activated,,,,,,,,,,,,
premium_atlas.json,premium-atlas-2026.08,immune_activation,activated_CD4_T_cell,ICOS,positive,human;mouse,activated,,,,,,,,,,,,
premium_atlas.json,premium-atlas-2026.08,immune_activation,activated_CD4_T_cell,FOXP3,negative,human;mouse,activated,,,,,,,,,,,,
premium_atlas.json,premium-atlas-2026.08,immune_activation,activated_CD4_T_cell,CXCR5,negative,human;mouse,activated,,,,,,,,,,,,
premium_atlas.json,premium-atlas-2026.08,immune_activation,activated_CD8_T_cell,CD3E,positive,human;mouse,activated,,,,,,,,,,,,
premium_atlas.json,premium-atlas-2026.08,immune_activation,activated_CD8_T_cell,CD8A,positive,human;mouse,activated,,,,,,,,,,,,
premium_atlas.json,premium-atlas-2026.08,immune_activation,activated_CD8_T_cell,GZMB,positive,human;mouse,activated,,,,,,,,,,,,
premium_atlas.json,premium-atlas-2026.08,immune_activation,activated_CD8_T_cell,PRF1,positive,human;mouse,activated,,,,,,,,,,,,
premium_atlas.json,premium-atlas-2026.08,immune_activation,activated_CD8_T_cell,IFNG,positive,human;mouse,activated,,,,,,,,,,,,
premium_atlas.json,premium-atlas-2026.08,immune_activation,activated_CD8_T_cell,CD69,positive,human;mouse,activated,,,,,,,,,,,,
premium_atlas.json,premium-atlas-2026.08,immune_activation,activated_CD8_T_cell,CD4,negative,human;mouse,activated,,,,,,,,,,,,
premium_atlas.json,premium-atlas-2026.08,immune_activation,activated_CD8_T_cell,FOXP3,negative,human;mouse,activated,,,,,,,,,,,,
premium_atlas.json,premium-atlas-2026.08,immune_activation,activated_CD8_T_cell,PDCD1,negative,human;mouse,activated,,,,,,,,,,,,
premium_atlas.json,premium-atlas-2026.08,immune_activation,germinal_center_B_cell,CD19,positive,human;mouse,activated,,,,,,,,,,,,
premium_atlas.json,premium-atlas-2026.08,immune_activation,germinal_center_B_cell,MS4A1,positive,human;mouse,activated,,,,,,,,,,,,
premium_atlas.json,premium-atlas-2026.08,immune_activation,germinal_center_B_cell,BCL6,positive,human;mouse,activated,,,,,,,,,,,,
premium_atlas.json,premium-atlas-2026.08,immune_activation,germinal_center_B_cell,AICDA,positive,human;mouse,activated,,,,,,,,,,,,
premium_atlas.json,premium-atlas-2026.08,immune_activation,germinal_center_B_cell,CXCR4,positive,human;mouse,activated,,,,,,,,,,,,
premium_atlas.json,premium-atlas-2026.08,immune_activation,germinal_center_B_cell,LMO2,positive,human;mouse,activated,,,,,,,,,,,,
premium_atlas.json,premium-atlas-2026.08,immune_activation,germinal_center_B_cell,CD27,negative,human;mouse,activated,,,,,,,,,,,,
premium_atlas.json,premium-atlas-2026.08,immune_activation,germinal_center_B_cell,SDC1,negative,human;mouse,activated,,,,,,,,,,,,
premium_atlas.json,premium-atlas-2026.08,immune_activation,germinal_center_B_cell,MZB1,negative,human;mouse,activated,,,,,,,,,,,,
premium_atlas.json,premium-atlas-2026.08,immune_activation,NK_cell_activated,NKGN7,positive,human;mouse,activated,,,,,,,,,,,,
premium_atlas.json,premium-atlas-2026.08,immune_activation,NK_cell_activated,NCR1,positive,human;mouse,activated,,,,,,,,,,,,
premium_atlas.json,premium-atlas-2026.08,immune_activation,NK_cell_activated,KLRD1,positive,human;mouse,activated,,,,,,,,,,,,
premium_atlas.json,premium-atlas-2026.08,immune_activation,NK_cell_activated,GZMB,positive,human;mouse,activated,,,,,,,,,,,,
premium_atlas.json,premium-atlas-2026.08,immune_activation,NK_cell_activated,PRF1,positive,human;mouse,activated,,,,,,,,,,,,
premium_atlas.json,premium-atlas-2026.08,immune_activation,NK_cell_activated,IFNG,positive,human;mouse,activated,,,,,,,,,,,,
premium_atlas.json,premium-atlas-2026.08,immune_activation,NK_cell_activated,CD3E,negative,human;mouse,activated,,,,,,,,,,,,
premium_atlas.json,premium-atlas-2026.08,immune_activation,NK_cell_activated,CD4,negative,human;mouse,activated,,,,,,,,,,,,
premium_atlas.json,premium-atlas-2026.08,immune_activation,NK_cell_activated,CD8A,negative,human;mouse,activated,,,,,,,,,,,,
